Ohi;-1001208637293;4;157523707;42432549;"2018-04-06 04:07:50";0
That's how they wash the cummies out;-1001092005567;12871;306030998;170274001;"2019-03-13 18:05:16";1
ＦｕｒＲＩＴ　ｓｅｘ　ｂｕｎｋｅｒ．;-1001092005567;13848;664741064;306030998;"2019-06-27 04:28:04";1
So you can anal vore all you like as a vegan;-1001092005567;15166;306030998;170274001;"2019-08-10 20:07:07";1
But I'm also a gamer, so I'm pretty much the most oppressed person alive;-1001092005567;16122;50352739;433826691;"2019-12-16 19:25:04";0
UwU give me killies;-1001092005567;22128;479647859;7481314569;"2024-10-05 22:27:24";0
Welcome to the new RIT Furs chat!;-1001037004907;20;157523707;50352739;"2016-08-21 16:21:01";0
my brain isnt all on right now okay?;-1001037004907;61;164072428;157523707;"2016-08-21 18:51:25";0
Whale cum;-1001037004907;183;92340312;157523707;"2016-08-21 21:11:29";1
RIT students shocked and amused by strange animal antics;-1001037004907;253;157523707;274315974;"2016-08-21 22:48:28";0
Butts are beautiful;-1001037004907;944;42432549;274315974;"2016-08-24 17:04:34";0
Das hört mich gut!;-1001037004907;1410;209707941;50352739;"2016-08-24 22:00:21";0
Ich vergesse, ist zwinker me Licht oder veiblich?;-1001037004907;1430;209707941;50352739;"2016-08-24 22:02:34";1
There is always something silicon in my pants, regardless of my happiness;-1001037004907;1807;209707941;50352739;"2016-08-25 17:09:23";1
I need fluffy pink cuffs;-1001037004907;2169;209707941;274315974;"2016-08-26 01:16:58";1
I am beyond super gay;-1001037004907;2176;209707941;274315974;"2016-08-26 01:22:38";0
🍆💦🍆💦🍆💦😱💦😱💦😱💦💦😱🍆🍆💦🍆😱💦😱💦😱😱💦😱💦😱💦😱🍆🍆🍆🍆💦🍆🍆🍆🍆💦💦💦🍆🍆🍆👌👟👟👟👟👟👟;-1001037004907;2800;50352739;209707941;"2016-08-27 05:08:07";1
You just take them in opposite ends: two gallons through the mouth, two through the rump. That'll cancel out.;-1001037004907;3415;42432549;771529788;"2016-08-28 05:02:58";0
I find your lack of genitals, disturbing;-1001037004907;3652;209707941;274315974;"2016-08-28 05:41:33";1
I need my suffering ended;-1001037004907;6916;209707941;274315974;"2016-09-09 03:12:55";0
don't take my boner it's mine;-1001037004907;7043;84894645;274315974;"2016-09-09 14:42:01";1
I am the bone of my cock;-1001037004907;7646;209707941;274315974;"2016-09-11 02:49:36";1
The memes are worth the suffering;-1001037004907;7740;50352739;274315974;"2016-09-11 05:06:48";0
My roommates will drug me and force me to sleep;-1001037004907;8213;209707941;489609075;"2016-09-14 01:10:25";0
Ear play is so unf;-1001037004907;9853;209707941;274315974;"2016-09-20 17:28:07";1
Orgy pennies;-1001037004907;9881;209707941;274315974;"2016-09-20 17:37:49";1
I vote for the end of america;-1001037004907;11858;209707941;274315974;"2016-09-29 13:32:21";0
📎;-1001037004907;36085;209707941;157523707;"2016-11-30 02:08:14";0
Fuck girls with no arms.;-1001037004907;48609;274315974;157523707;"2017-01-07 02:17:20";1
Sorry for having a spoopy dick.;-1001037004907;52639;42432549;157523707;"2017-01-24 02:02:23";1
Im actually peeing right now, so my night is great;-1001037004907;65281;113491340;157523707;"2017-02-26 01:50:07";0
all it needs are sparkling dick nipples with sounding rods in them;-1001037004907;85531;96902118;157523707;"2017-04-19 02:14:33";1
vape doe piss;-1001037004907;85822;274315974;157523707;"2017-04-20 05:25:50";0
What do you mean 'give them an inch and they take a mile' isn't about dicks;-1001037004907;96532;56367280;209707941;"2017-05-19 20:55:41";1
I'd shove my dick in your mouth at this point;-1001037004907;103938;207892566;209707941;"2017-06-13 06:24:25";1
I wish I could but I'm broke lol;-1001037004907;106466;75977717;274315974;"2017-06-23 04:11:19";0
I am the proud owner of a MR TOOT-A-LOT;-1001037004907;106606;157523707;274315974;"2017-06-24 14:23:40";0
I'd lick the cheese out of fur :9;-1001037004907;106792;157523707;274315974;"2017-06-26 02:58:54";0
I will press all ur kink buttons simultaneously;-1001037004907;106801;84894645;274315974;"2017-06-26 03:00:12";1
god choke me daddy I just wish I was not here anymore;-1001037004907;107191;96902118;157523707;"2017-06-28 12:39:21";1
"{\__/}
( • w •)
/ >🍆 Just Kidding You Can Have My Dick!
{\__/}
( -_ -)
/ >🍆 But Just A Lick";-1001037004907;113356;157523707;233740074;"2017-07-19 23:08:24";1
Thirst level: Dumbledore in a cave with a whorecrux;-1001037004907;113358;209707941;157523707;"2017-07-19 23:28:47";1
Apparently snake penis is good for you;-1001037004907;114890;164072428;233740074;"2017-07-26 19:49:57";1
"tastes like dick, 10/10";-1001037004907;114894;227778292;209707941;"2017-07-26 19:53:06";1
Send boss dick pics;-1001037004907;121408;116698782;209707941;"2017-08-18 18:42:46";1
i was confused what the gif was for and i was thinking it would be something kinky so i thought it was going to be a dildo inside of the balloon that you couldnt see untill it deflates and shrinks to the shape of the dildo.;-1001037004907;126109;274315974;209707941;"2017-08-28 05:26:48";1
BANANA IS FOR GORILLA NOT BIRD IDIOT DICK;-1001037004907;138552;207892566;209707941;"2017-09-18 02:42:47";1
OTS FIANLIGE OCRR;-1001037004907;141106;207892566;157523707;"2017-09-25 03:39:21";0
Welp. It was really good being alive while it lasted.;-1001037004907;141164;42432549;157523707;"2017-09-25 15:57:17";0
You grow a second dick inside of your first dick when you're on PrEp;-1001037004907;145000;143472826;306030998;"2017-10-13 02:12:15";0
*pretending not to noticed the dick* what a lovely room you got...;-1001037004907;158381;489609075;209707941;"2017-12-06 04:52:08";1
Should I get PlayerUnknown’s Battleground on Steam?;-1001037004907;164742;489609075;50352739;"2017-12-21 02:31:02";0
Food makes my dick shrivel;-1001037004907;170198;42432549;306030998;"2017-12-28 06:52:04";1
kinks like teleporting my dick inside of all your holes at the same time from the other side of the US;-1001037004907;171138;274315974;306030998;"2017-12-29 01:30:57";1
Brendon's boob-phobia is far worse;-1001037004907;193611;209707941;489609075;"2018-01-28 08:45:17";1
Also daddy Desh gimme the big lizard dick pls;-1001037004907;196767;209707941;233740074;"2018-02-03 23:51:15";1
OwO;-1001037004907;198937;157523707;274315974;"2018-02-08 14:26:06";0
Tbh now I want :Neko:;-1001037004907;202007;187565292;157523707;"2018-02-14 22:10:59";0
I am a gay Pokémon time lord hop in my blue ass it’s bigger on the inside;-1001037004907;204369;96902118;306030998;"2018-02-19 17:26:41";1
Steppie on the sneppie;-1001037004907;205163;209707941;50352739;"2018-02-21 05:26:56";0
"Were you a boyscout? 'Cause you look like you could give me a big knot~";-1001037004907;207097;209707941;306030998;"2018-02-26 21:29:21";1
"Obi-Wan doesn't need to be on the high ground, the high ground just needs to exist within the battle; Obi-Wan knows that when he has the low ground, he really has the high ground, from a certain point of view. Look at his battle record:

Maul: Has low ground, wins

Dooku: No high ground, loses

Greivous: Has low ground, wins

Vader: Has high ground, wins

Vader rematch: No high ground, loses

Obi-Wan with the high/low ground is canonically the most powerful Jedi. This is fact. Had Yoda not denied his request to battle The Senate with typical Jedi arrogance, Obi-Wan could have defeated Palpatine in the Senate building, which housed a variety of different altitudes; this was designed so that the Chancellor could always have the moral high ground in Senate debates. But Obi-wan didn't fight Palpatine, and Yoda soon learned that you can't cleave the Sheev in a normal 1v1.

Yoda is shorter than virtually every other fighter, which gives him a permanent low-ground disadvantage; however, his saber-fighting style utilizes a flipping-heavy technique in order to negate this weakness for a temporary window. You'll notice that, as he falls from the central podium in The Senate's building, he immediately retreats, knowing that he can never hold the high ground in this duel. You'll notice that, while training Luke, he rides on him like a mount, to gain the educational high ground and accelerate Luke's training.

As we all know, spinning is a good trick. However, only the Chosen one can spin outside of a starfighter. Palpatine tried spinning, but he lost due to this technique (but this was intentional, as losing gave him the emotional high ground when Anakin arrived). The reason for this is that spinning provides a yin-yang approach to combat (based in Eastern philosophy on balance), giving the spinner the high ground from above and below. Only the Chosen One can master the spin, as it is their destiny to maintain balance in the universe. This is why Obi-Wan was so emotional after defeating Vader on Mustafar; he expected to lose the high ground to the spin, but Anakin fell to the dark side and ceased to be the Anakin he knew, who could no longer use his signature trick .

Anakin doesn't hate sand for the reasons he told Padme; all Jedi hate sand, as the battlefield can rapidly change between low and high ground on multiple vectors, so your perspective must be from a certain three-dimensional point of view in order to comprehend who holds the high ground. This is the only reason why Obi-Wan killed Maul in Rebels. This is also why Obi-Wan hates flying; there is no gravity in space, therefore there is no high or low ground from any frame of reference.

In ANH, Vader proves his newfound mastery by engaging Obi on perfectly even ground. However, Obi-Wan intentionally sacrifices himself on the Death Star, so that he could train Luke from a higher plane of existence, thereby giving him the metaphysical high ground.

(Why was Vader so invested in the construction and maintenance of the Death Star? Because he knows Obi-wan can't have the high ground if there's no ground left.)

In Return of the Jedi, you can see that the Throne Room contains a variety of different altitudes; Palpatine placed these there to ensure Vader's defeat. However, Sheev failed to realize that his weakness was no ground, and should have covered that gaping pit which does nothing.

In conclusion, Obi-wan abuses spatial relativity and Taoist doctrine in order to always invoke his high-ground powers.";-1001037004907;211920;50352739;306030998;"2018-03-11 04:14:27";0
You will need to hit right combos, moves, etc to ride daddies;-1001037004907;217097;489609075;306030998;"2018-03-22 21:19:46";1
"I’m going to vote yes, but just for this case. As I do indeed know exactly which packs have an “Eat ass” sticker and where in my list of packs I arranged them.

However, there are the cases where I now “this sticker exists in some pack I have, but can’t remember which one” in which case it’s linear.

But then there’s search-by-emoji, which can reduce the overall number of stickers to search through, but then that subset search itself is linear.";-1001037004907;226219;42432549;306030998;"2018-04-08 05:05:08";0
"No one ghosts quite like taiga
No one gets roasted like  taiga
No ones has a fetish for uppies quite like taiga
For there is no fur in chat half as babyyyyy";-1001037004907;230870;209707941;157523707;"2018-04-12 14:08:16";1
"He is not the bear which concerns me.
If he gets out of line, I’ll just bite him.";-1001037004907;239322;42432549;157523707;"2018-04-24 15:43:47";0
Tag yourself I'm the coaster next to the cup on the right;-1001037004907;240424;233740074;306030998;"2018-04-25 17:46:17";0
Sex is just dick pets?;-1001037004907;241376;482023382;209707941;"2018-04-26 21:03:10";1
it's not punishment if I enjoy it daddy;-1001037004907;243362;233740074;306030998;"2018-04-30 02:54:07";1
Are blowjobs vore;-1001037004907;246619;233740074;306030998;"2018-05-06 23:35:28";1
Well then. I guess I'm gay now;-1001037004907;251438;479647859;306030998;"2018-05-15 22:58:14";0
"I did not have sexual relations with that fox";-1001037004907;251456;306030998;233740074;"2018-05-16 00:21:39";0
For the record, all visits to the Cave of Wonders were consenting and willing. None were initiated by the fox in question.;-1001037004907;251489;42432549;209707941;"2018-05-16 00:51:46";0
Hahaha white people am I right hahahaha;-1001037004907;252458;233740074;306030998;"2018-05-17 16:09:45";0
This is your butthole on knots;-1001037004907;255359;187565292;209707941;"2018-05-21 03:51:50";1
RIT is communist, it is OUR room.;-1001037004907;257491;209707941;157523707;"2018-05-24 04:30:11";0
When you need to R.O.O. just loudly say "Hey, [roommate]. I'm feeling pretty horny right now. I think I'm going to R.O.O. if that's okay with you. You know, rub one out. I just wanted to let you know in case you wanted to leave the room or join me";-1001037004907;257643;306030998;233740074;"2018-05-24 05:28:32";1
I AM COMMITTING SIN;-1001037004907;257646;209707941;233740074;"2018-05-24 05:29:30";0
Or you just can stare at your roommate while jerking off, I guarantee that your roommate will eventually leave the room;-1001037004907;257666;489609075;306030998;"2018-05-24 06:15:56";1
I'm a furry racist;-1001037004907;258042;233740074;306030998;"2018-05-25 01:41:06";0
*stabs with reinforced boner*;-1001037004907;258515;274315974;306030998;"2018-05-25 19:37:20";1
This fat fuck just lays around on the deck all day waiting for peanuts;-1001037004907;259145;50352739;157523707;"2018-05-26 16:36:01";0
Psh! Blushing is my job, silly~;-1001037004907;259681;479647859;157523707;"2018-05-27 05:28:18";0
What's the fun in being a sub if you don't fight it a bit~;-1001037004907;261125;479647859;42432549;"2018-05-28 06:00:54";1
"Me: *breathes*
You: Is this a brat";-1001037004907;261133;233740074;306030998;"2018-05-28 06:01:26";0
Well, if you need any more dickformation.;-1001037004907;262782;209707941;157523707;"2018-05-29 23:31:57";1
https://e621.net/post/show/1553582/2018-4_arms-4_toes-5_fingers-abs-absorption_vore-a;-1001037004907;264564;233740074;306030998;"2018-06-01 18:39:54";1
"It appeals to my favorite fetish:
Hitting my head on the ceiling";-1001037004907;266039;233740074;306030998;"2018-06-03 22:13:58";0
"Crotch Nuzzles as a Service
CNaaS, the latest offering from HP Enterprise.";-1001037004907;266357;170274001;306030998;"2018-06-04 01:35:19";1
Licking my dick suckin lips uwu;-1001037004907;268839;233740074;306030998;"2018-06-08 05:27:18";1
I got on yeet smash again lul;-1001037004907;271987;233740074;157523707;"2018-06-11 20:03:01";0
It reminds me of a horsecock’s knot;-1001037004907;274249;489609075;306030998;"2018-06-14 19:43:30";1
⚫️〰⚫️;-1001037004907;274267;209707941;306030998;"2018-06-14 19:57:46";0
Fucking levitate me onto a dick Daddy Sim Sala Bim the Great;-1001037004907;275052;233740074;306030998;"2018-06-15 20:07:23";1
I killed the chat again;-1001037004907;276145;306030998;157523707;"2018-06-17 03:48:13";0
Kill all gays;-1001037004907;278455;274315974;306030998;"2018-06-20 16:56:37";0
"No
No more digital dick
I want real dick";-1001037004907;278985;233740074;306030998;"2018-06-21 02:32:55";1
Vanawolf will be summoned.;-1001037004907;279406;209707941;233740074;"2018-06-21 03:43:37";0
Bet;-1001037004907;280798;233740074;209707941;"2018-06-23 21:35:29";0
And steppies are better than cuddles;-1001037004907;285319;209707941;233740074;"2018-07-01 21:23:42";0
Ill shank you with a spikedickshiv;-1001037004907;287242;274315974;306030998;"2018-07-05 17:59:27";1
I hate whites tho;-1001037004907;288802;274315974;157523707;"2018-07-09 17:22:21";0
Hey there, don’t cry. Everyone has a gay heart uwu;-1001037004907;289766;489609075;306030998;"2018-07-10 20:42:45";0
In my world pussies have massive black cocks uwu;-1001037004907;290631;209707941;306030998;"2018-07-12 03:50:20";1
musky huskys have more flavoring;-1001037004907;290728;274315974;306030998;"2018-07-12 04:08:43";1
I cum when they form paragraphs;-1001037004907;290823;143472826;157523707;"2018-07-12 04:29:32";1
I'm gonna go eat vana for a midnight snack and go to bed;-1001037004907;290828;143472826;306030998;"2018-07-12 04:30:42";1
porno where  a dude's dick gets snapperonied;-1001037004907;291603;209707941;233740074;"2018-07-13 04:52:13";1
I've introduced a monster!;-1001037004907;293299;42432549;489609075;"2018-07-14 00:30:46";0
Vore vore vore;-1001037004907;293354;489609075;222995514;"2018-07-14 00:39:44";0
F;-1001037004907;293498;306030998;489609075;"2018-07-14 01:01:59";0
Quote machine broke;-1001037004907;293595;233740074;209707941;"2018-07-14 01:15:52";0
I feel that these quotes are our blackmails;-1001037004907;293656;489609075;50352739;"2018-07-14 01:23:14";0
someone please quote this;-1001037004907;293746;306030998;233740074;"2018-07-14 01:37:18";0
you could lick the anus from the inside;-1001037004907;294560;306030998;489609075;"2018-07-14 17:17:10";1
This is taking me out of context;-1001037004907;294647;143472826;157523707;"2018-07-14 18:27:01";0
This gave me a woodie;-1001037004907;295749;209707941;42432549;"2018-07-15 03:20:27";1
no banerino pls;-1001037004907;295755;306030998;209707941;"2018-07-15 03:20:55";0
b&;-1001037004907;296398;209707941;42432549;"2018-07-15 04:36:33";0
Creampie in my eye, oh my, I'm gonna die, not gonna lie;-1001037004907;298150;209707941;306030998;"2018-07-16 02:56:02";1
"I'm so gay that
-get this-
I held a boy's hand once 👀👀👀👀👀👀👀";-1001037004907;299694;233740074;306030998;"2018-07-16 16:41:23";0
You can take the furry out of the trash, but you can't take the trash out of the furry;-1001037004907;299998;306030998;274315974;"2018-07-16 18:44:46";0
👏 ADD 👏 MORE 👏 MUSK 👏;-1001037004907;300016;227778292;306030998;"2018-07-16 18:50:01";1
"fun lewding game: go to e621 and click random 6 times, then you must fap
if you can't fap to it, then click random 2 times
if you can't fap to that, click random 1 time
and if you can't fap to that, you lose forever";-1001037004907;300518;489609075;306030998;"2018-07-16 21:52:01";1
Being a furry kills you on the inside long before it kills you on the outside;-1001037004907;301082;306030998;489609075;"2018-07-17 01:58:59";0
Eat shit and die omg;-1001037004907;301329;233740074;306030998;"2018-07-17 03:21:04";0
I do not subscribe to yinzapalooza;-1001037004907;302954;209707941;157523707;"2018-07-18 19:24:36";0
Life just wants you to be a musky husky;-1001037004907;302970;209707941;306030998;"2018-07-18 19:36:40";0
"Oh I can (and do anytime someone executes the /addquote command), but I can only update the user data in the database for the user who executed the command and for the user being quoted.

Telegram doesn’t have a way to get user details on just any user any time. The only way I can get user data is from that which is attached to a Message object.
The only time I’m currently parsing Message objects for new User Data is when that /addquote command is executed.";-1001037004907;303052;42432549;209707941;"2018-07-18 20:17:18";0
"sup vorewhores, was talking with okifur because hes curious about vore (lol wait until i get him into it unironically it will be lol). but we were talking about some ways people might get into vore. heres one of them i thought up.

actually unlike what ben is talking about i usaully hear vore progressing as so

1. Endosoma - a like of being inside of something (basiclly soft softvore)
2. mawshots or oral fixation tie in
3. full softvore, being eaten is hot after all
4. possible interests in other types of vore ex: analvore, unbirth
 - could also include other branches like snake coiling (which is one of my favs)
5. potential full stop, some people do not ever get more extreme then this.
6. interests in things like goo digestion or reformation where digestion is not gorey and there is no pain or loss of life. The person reforms after or is respawned.
7. (slippery slope XD) hard vore becomes sexy because of the taboo and the feeling of continuosly getting more kinky is one that is pleasurable and hard to resist. (related: see corupption fetish)";-1001037004907;303720;274315974;306030998;"2018-07-19 03:51:28";1
HAHA This sounds like a conspiracy out of context;-1001037004907;304201;42432549;157523707;"2018-07-20 03:38:14";0
you're not allowed to be turned on by this;-1001037004907;304674;233740074;306030998;"2018-07-20 19:12:55";0
Listen I've been being stubborn about this for like 3 years you're not going to change my mind :0;-1001037004907;305096;233740074;157523707;"2018-07-20 22:13:42";0
You can chew and use me anytime uwu;-1001037004907;305295;157523707;306030998;"2018-07-20 22:59:58";1
Tell us your name, major, where you're from, a fun fact about yourself, your blood type, and all 16 digits of your credit card number :3;-1001037004907;305323;157523707;233740074;"2018-07-20 23:04:34";0
Is this a fucking daddy?;-1001037004907;305342;233740074;306030998;"2018-07-20 23:09:49";0
"Hello gentlefurries
Who among you would be willing on this fine eve to partake in a sharing of phallus";-1001037004907;305547;233740074;306030998;"2018-07-21 00:36:34";0
"ROO ROO ROO ROO
i wanna suck you toe
but I can't commit assault
so imma do some R.O.O.
*bum badum*";-1001037004907;305724;306030998;233740074;"2018-07-21 02:15:14";1
Emit;-1001037004907;305992;209707941;306030998;"2018-07-21 03:59:26";0
Were you a boy scout? Because you look like you could give me a big knot~~~;-1001037004907;306057;306030998;489609075;"2018-07-21 04:09:07";1
I'm not a priest who likes to touch boys.;-1001037004907;306168;209707941;306030998;"2018-07-21 05:21:01";1
I would rather dip my dick in acid;-1001037004907;306189;598605090;306030998;"2018-07-21 05:23:42";1
and my teeth are singing;-1001037004907;306255;209707941;306030998;"2018-07-21 05:33:00";0
Mimikyu awakens my MOTHERLY INSTINCTS;-1001037004907;307219;233740074;306030998;"2018-07-23 00:15:43";0
*insert organized college furry group discussion here*;-1001037004907;307731;164072428;233740074;"2018-07-23 17:47:44";0
"It was fucking
Tom and Jerry";-1001037004907;308082;233740074;306030998;"2018-07-24 00:51:34";0
"Other people, uncultured: Motherfucking son of a bitch!
Me, enlightened: Motherfuck 2: Son of Motherfuck";-1001037004907;308197;306030998;274315974;"2018-07-24 01:56:32";0
I'm tryna make some McFuckin bookshelves boy;-1001037004907;308553;233740074;209707941;"2018-07-24 18:32:07";0
My quotes are forever lost to the ether;-1001037004907;308923;598605090;479647859;"2018-07-25 00:29:48";0
Heart vore?;-1001037004907;309171;233740074;306030998;"2018-07-25 04:08:52";0
lung vore, the rarest vore;-1001037004907;309176;598605090;306030998;"2018-07-25 04:09:11";0
you're shaped like a fucking testicle uwu;-1001037004907;309189;209707941;489609075;"2018-07-25 04:09:37";0
Im so tempted to quote that, but somehow it's less funny out of context;-1001037004907;309363;233740074;209707941;"2018-07-25 04:48:51";0
You /getquote too much anyway you're one to talk;-1001037004907;309403;306030998;187565292;"2018-07-25 04:51:40";0
There’s a YouTube video about this. Portrayed with Barbie dolls.;-1001037004907;309404;42432549;209707941;"2018-07-25 04:51:45";0
who the fuck is you?;-1001037004907;309441;209707941;42432549;"2018-07-25 04:54:02";0
how's your chlamydia circus dndlnpd;-1001037004907;309474;233740074;209707941;"2018-07-25 04:58:36";0
eat shit uwu;-1001037004907;309478;233740074;209707941;"2018-07-25 04:58:59";0
penis;-1001037004907;309596;274315974;306030998;"2018-07-25 05:18:54";1
A;-1001037004907;310101;282841080;306030998;"2018-07-25 22:51:32";0
Lol. Wat? I didn’t send this. 😅;-1001037004907;310106;282841080;42432549;"2018-07-25 23:10:29";0
Kinky-;-1001037004907;310137;222995514;42432549;"2018-07-26 00:06:37";1
Important things being quoted here, I see.;-1001037004907;310142;222995514;42432549;"2018-07-26 00:07:25";0
Looks like I've got to step up my quote game.;-1001037004907;310164;598605090;209707941;"2018-07-26 00:14:11";0
"/Now nobody can quote me anymore :3";-1001037004907;310180;157523707;42432549;"2018-07-26 00:15:44";0
/I'm feeling attacked right now;-1001037004907;310224;157523707;42432549;"2018-07-26 00:31:39";0
@Travisyard fight me;-1001037004907;310292;274315974;157523707;"2018-07-26 00:47:34";0
/vanawolf But can you quote me now?;-1001037004907;310309;157523707;274315974;"2018-07-26 00:49:44";0
It’s not gay if it’s a three way;-1001037004907;310400;482023382;489609075;"2018-07-26 02:04:01";0
you better delete-a this right now paisano;-1001037004907;310570;233740074;306030998;"2018-07-26 04:46:04";0
god damn it I'm into cucking now;-1001037004907;310849;233740074;306030998;"2018-07-26 05:25:01";0
~Right at rit! .. Right at rit!... come and get murry  down where it's furry, at Rittttttttt!~ *little mermaid chorus*;-1001037004907;311070;598605090;306030998;"2018-07-26 13:22:20";1
"F is for friends who have sex together
U is for you and me
N is for anywhere and anytime at all
down here in the R.I.T.";-1001037004907;311071;306030998;598605090;"2018-07-26 13:23:25";1
I think faggots are hot, no homo or anything.;-1001037004907;311137;274315974;306030998;"2018-07-26 18:16:58";1
Of course, a fursona hybrid between fox and maggot sounds hot;-1001037004907;311143;489609075;274315974;"2018-07-26 18:18:00";1
Come sit on my d, boy;-1001037004907;311279;233740074;306030998;"2018-07-26 23:13:06";1
"It is I

Niche Fetish Man";-1001037004907;311349;233740074;306030998;"2018-07-27 01:36:55";1
"Run it down
Daddy make me choke
Run it down
My tunnel loves deepthroat
Hump me!";-1001037004907;311392;306030998;209707941;"2018-07-27 03:41:33";1
"Slurp that dick
Slap my. Ass. Like. A. Drum";-1001037004907;311393;306030998;209707941;"2018-07-27 03:42:05";1
Its only gay if you come over and fuck me while i wear them.;-1001037004907;311590;274315974;489609075;"2018-07-27 17:07:54";1
"Suppose I wanted to quote the following:

On the first day, God said 'let there be light.'

If you wanted to quote that, you'd have to put quotation marks around it. However, there are already quotation marks there so it would create a situation where there are nested quotation marks. In that case, the proper way to do it is to change the double quotes to single quotes:

"On the first day, God said 'let there be light.'";-1001037004907;311678;479647859;50352739;"2018-07-27 18:55:28";0
People talking about cars gives me the terror;-1001037004907;311686;233740074;209707941;"2018-07-27 19:01:56";0
"HOOOO
LEEEEE
SHEEEEEEEIT
O________O
soooooo my mind had been blown";-1001037004907;311689;598605090;209707941;"2018-07-27 19:04:55";0
go commit die;-1001037004907;311710;598605090;306030998;"2018-07-27 19:11:53";1
"If you start talking about cars, I WILL leave the room

Or if that's not possible, I will curl up in the corner and weep loudly until the carspeak has ceased";-1001037004907;311831;233740074;306030998;"2018-07-27 21:40:36";0
My hyper dik is approximately that ratio compared to a person;-1001037004907;311901;274315974;306030998;"2018-07-27 22:51:36";1
* begins jerking off xoren's paw*;-1001037004907;311948;598605090;306030998;"2018-07-27 23:19:10";1
I bet kink shaming is your kink! You should be ashamed of it;-1001037004907;311964;306030998;598605090;"2018-07-27 23:27:10";0
"Damn I wish someone made me sound like I was being murdered


Damn I wish someone made me ... murdered";-1001037004907;312036;233740074;209707941;"2018-07-27 23:46:16";1
My new goal before Smash Ultimate comes out is to beat someone up in smash while taking it in the butt;-1001037004907;312069;233740074;209707941;"2018-07-27 23:57:36";0
"'hey Teri tryna smash'
Sure lemme grab my WiiU
'No I mean like, sex'
Yeah I know";-1001037004907;312075;233740074;306030998;"2018-07-27 23:58:55";1
Anal vore my foot irl;-1001037004907;312153;233740074;306030998;"2018-07-28 00:12:57";1
im gonna just milk my suit for all its worth XD;-1001037004907;312192;598605090;306030998;"2018-07-28 00:18:48";0
Press the prostate button, get free cummies;-1001037004907;312293;598605090;306030998;"2018-07-28 00:59:35";1
Suck my dick;-1001037004907;312427;233740074;306030998;"2018-07-28 01:59:06";1
Cats are the best species;-1001037004907;312512;209707941;306030998;"2018-07-28 02:22:12";0
All hail Azu! All hail Azu!;-1001037004907;312541;306030998;489609075;"2018-07-28 02:28:43";0
Super Smash Bros. for Nintendo WiiU™;-1001037004907;314228;233740074;157523707;"2018-07-29 18:13:29";0
Catbitch;-1001037004907;314494;209707941;306030998;"2018-07-29 20:14:11";0
Nintendo even gave him a bootyhole;-1001037004907;314573;209707941;306030998;"2018-07-29 21:24:03";0
You want him to thighvore you;-1001037004907;314577;209707941;306030998;"2018-07-29 21:24:40";1
"The fucking police, eh?
As long as they promote proper protection~";-1001037004907;314604;42432549;209707941;"2018-07-29 21:30:18";1
And since CatBitch doesn’t have a dedicated @ Username, whatever you have him in your contacts as is how you @ him in chat instead.;-1001037004907;314669;42432549;306030998;"2018-07-29 21:50:50";0
"Real shit though even in smash

I'm one of the strongest players in our region but I'm also one of the most susceptible to choking";-1001037004907;314714;233740074;157523707;"2018-07-29 22:04:50";0
fuck the up shut;-1001037004907;314970;233740074;306030998;"2018-07-30 00:15:38";0
I-c-u-p;-1001037004907;314995;418514848;233740074;"2018-07-30 00:19:55";0
"His smile and optimism: gone
His insides: also probably gone";-1001037004907;315081;418514848;306030998;"2018-07-30 01:09:11";0
(((hewwo juice)));-1001037004907;315183;418514848;306030998;"2018-07-30 02:01:21";0
I choked on a lot of shit today;-1001037004907;315323;233740074;209707941;"2018-07-30 02:59:06";0
I'm white;-1001037004907;315483;233740074;306030998;"2018-07-30 03:21:06";0
Break my jaw going down on that d, bby;-1001037004907;315995;42432549;233740074;"2018-07-30 17:23:28";1
The best way to get over someone is to get under someone else;-1001037004907;317668;233740074;306030998;"2018-07-31 16:55:08";1
I'm just stupid;-1001037004907;317778;233740074;222995514;"2018-07-31 17:18:34";0
Hdbdhjsjsjdnff;-1001037004907;317879;157523707;233740074;"2018-07-31 18:10:07";0
fjlhdlhdlhdl;-1001037004907;317906;233740074;209707941;"2018-07-31 18:18:08";0
Go commit die;-1001037004907;318556;598605090;306030998;"2018-08-01 02:48:50";1
*smol screams*;-1001037004907;318590;209707941;598605090;"2018-08-01 03:30:07";0
*rips balls off, throws at pokemon*?;-1001037004907;318617;209707941;306030998;"2018-08-01 03:47:40";1
I thought you liked being vored;-1001037004907;318631;306030998;209707941;"2018-08-01 03:49:35";1
not the best quote but I'm to narcissistic to disagree with it;-1001037004907;318634;306030998;209707941;"2018-08-01 03:50:10";0
Let's take the weight of an adult male of 160lbs. And the weight of an adult male penis and balls. 0.37lbs. If traps are femine in nature and their entire body mass except for the penis and balls which defines what is a trap. Then we can use simple math. As the total feminine weight to masculine weight comparison goes. We find that the total percentage of "gay" content on a traps body is less than 0.003% of the total weight. Ironically 0.003% is within  confirmation bias and is a negligible to 0 sum in real math equations. Therefore the total percent of a trap that is gay is 0 and therefore traps are not gay.;-1001037004907;319392;598605090;306030998;"2018-08-02 04:27:17";1
Males are carrying XY chromosomes, the Y chromosome considered as the “male” chromosome. Meanwhile, the X is the “female” chromosomes. And the male chromosomes has the X, so males are technically half females. When you add two males together, you would get a full female. So, it’s not gay mathematically. Unless you are a woman and into another woman. It’s double gay.;-1001037004907;319434;489609075;306030998;"2018-08-02 04:38:24";0
I recognize this bulge!;-1001037004907;319682;227778292;306030998;"2018-08-02 20:45:20";1
Get Jesus away from my asshole;-1001037004907;319775;233740074;306030998;"2018-08-02 21:58:59";0
By that I mean I wanna fuck the draggy 😤;-1001037004907;319827;233740074;306030998;"2018-08-02 22:09:59";1
"m stands for
mbamboozled";-1001037004907;320154;418514848;306030998;"2018-08-02 23:32:08";0
My bootyhole was forged in the 7 rings of hell;-1001037004907;320307;209707941;306030998;"2018-08-03 02:04:36";0
Tag yourself I'm the dude to the left of the explosion just fuckin lying there on the concrete;-1001037004907;320393;233740074;306030998;"2018-08-03 04:21:44";0
What if each werewolf eats the other like (russian nesting dolls) then the last one eats me and then each one inside each other eats me;-1001037004907;320467;274315974;157523707;"2018-08-03 17:06:58";1
why is there a dick bulge;-1001037004907;320594;233740074;306030998;"2018-08-03 20:54:36";1
I pronounce you guys as a boyfriend and a boyfriend. You may kiss the boyfriend;-1001037004907;320837;489609075;306030998;"2018-08-04 03:32:05";0
ë̷̛́̾̐̑̋̃̏̽͋́̅̆̂̃̑̃͗͊͐̀̆̓̍́̎͌̆̚̕̕͘̕͝͝͠ ́̓̃̆̔͂̽͐̕ ̧̨̧̨̢̜̼̟͎͈̪̘̥̪͈̱̻̹̱͇̭̣̙͎̥̯̫͙͙̼̞̠̠͚͊̑̾͑̏̉̍͊̅̔͂̈̑̈́̅̔̓͐̀͗̆̎̈́͝;-1001037004907;321092;489609075;187565292;"2018-08-04 22:26:24";0
That is how cells work, if I remember my biology class from high school correctly. The endoplasmic reticulum passes by the mitochondrial drive-thru so that the ATP they produce can be ferried around the cell :P;-1001037004907;321228;170274001;233740074;"2018-08-05 04:26:28";0
Imagine walking through a hall at Hogwarts and you just hear someone scream down the hall "fetus deletus";-1001037004907;322118;233740074;209707941;"2018-08-06 01:44:05";0
Abort me plz;-1001037004907;322125;687253848;306030998;"2018-08-06 01:45:41";0
Undo my existence and return me to the void where I may peacefully sleep.;-1001037004907;322139;209707941;42432549;"2018-08-06 01:47:46";0
FUCK;-1001037004907;322146;209707941;42432549;"2018-08-06 01:48:04";0
You guys are wild;-1001037004907;322155;687253848;42432549;"2018-08-06 01:48:35";0
Hey! I seldom add quotes in the first place!;-1001037004907;322168;42432549;209707941;"2018-08-06 01:49:22";0
*bi lucario awkward silence*;-1001037004907;322339;448289659;306030998;"2018-08-06 02:06:45";0
I too, have a quote with cummies in it. Cave Story was quite fun;-1001037004907;322478;448289659;209707941;"2018-08-06 02:19:19";1
Damn it. Im so angry 😡😡😡;-1001037004907;322493;687253848;306030998;"2018-08-06 02:24:24";0
I see you have caught the Teridax;-1001037004907;322527;157523707;209707941;"2018-08-06 02:42:13";0
Vore vore vore;-1001037004907;322656;482023382;687253848;"2018-08-06 03:50:37";0
Copypasta garbage in my Christian chat! I dont think so!;-1001037004907;322696;274315974;482023382;"2018-08-06 03:56:04";0
I just want to perform vaginal sex in the missionary position for the sole purpose of procreation;-1001037004907;323019;306030998;233740074;"2018-08-06 16:15:00";1
What a gay. Just drop your life savings on art like a filthy snep.;-1001037004907;323491;274315974;306030998;"2018-08-07 15:49:22";0
Fuck now I have a boner while walking through a internal graveyard with family;-1001037004907;323549;448289659;306030998;"2018-08-07 16:00:08";1
can you really quote a boner?;-1001037004907;323562;598605090;306030998;"2018-08-07 16:06:44";1
How many licks does it take to get to the cumshot;-1001037004907;323799;274315974;306030998;"2018-08-07 20:03:26";1
I’m sleepy and require snuggles for about an hour;-1001037004907;323831;448289659;157523707;"2018-08-07 21:10:03";0
TBH I nut for most things;-1001037004907;325497;187565292;306030998;"2018-08-09 16:51:43";1
We really shouldn't quote walls of text or copypastas;-1001037004907;325552;274315974;489609075;"2018-08-09 18:11:21";0
Do you ever just... realize you have popsicles in your fridge and life gets that much more bearable;-1001037004907;325582;274315974;157523707;"2018-08-09 19:20:13";0
bending over is the furry way after all;-1001037004907;325769;306030998;222995514;"2018-08-10 00:40:09";1
Et tu, butte?;-1001037004907;325795;306030998;209707941;"2018-08-10 01:17:17";0
I wite sins nawt twadgedies;-1001037004907;325889;42432549;209707941;"2018-08-10 02:23:26";0
Nobody trusts magic womb;-1001037004907;326123;209707941;42432549;"2018-08-10 04:24:23";0
I bring the big dick energy;-1001037004907;326233;598605090;306030998;"2018-08-10 13:48:08";1
I imagine it would feel so good having 20 snakes slithering all in you;-1001037004907;326486;598605090;306030998;"2018-08-10 19:41:15";1
HeadOn - Apply directly to the forehead;-1001037004907;326538;157523707;222995514;"2018-08-10 21:09:37";0
"Other people, plebeians: Murrfect
Me, the furry bourgeoise: Magyifficent";-1001037004907;326943;306030998;598605090;"2018-08-11 13:33:03";0
I just walked into a bathroom with a full wall mirror and I just realized how much ass I have;-1001037004907;327248;233740074;306030998;"2018-08-11 21:57:09";1
You're too much of a cummute;-1001037004907;327393;306030998;222995514;"2018-08-12 03:47:09";1
Were making cummunism a thing. It isn't -my- semen alone, but -our- semen to share;-1001037004907;327400;222995514;306030998;"2018-08-12 03:51:08";1
Why does this yeen look like they're about to end my rap career 🤔;-1001037004907;327826;418514848;306030998;"2018-08-13 01:27:27";0
I'd have to go all the way across the room and, get this, open a drawer;-1001037004907;327911;418514848;233740074;"2018-08-13 03:34:20";0
"It's a Waaaario time!". Wario sticks his large juicy cock insinde your warm anus.;-1001037004907;327924;687253848;306030998;"2018-08-13 03:36:51";1
My tunnel loves deepthroat;-1001037004907;327971;306030998;489609075;"2018-08-13 03:40:20";1
I say the best things and no one ever quotes me;-1001037004907;327995;274315974;489609075;"2018-08-13 03:42:48";0
Opinions. Shpinions.;-1001037004907;328000;687253848;209707941;"2018-08-13 03:43:32";0
Malt;-1001037004907;328008;116698782;209707941;"2018-08-13 03:45:01";0
*casually slides into cop's DMs*;-1001037004907;328051;116698782;306030998;"2018-08-13 03:53:37";0
Roo or die;-1001037004907;328065;143472826;306030998;"2018-08-13 03:56:35";1
Give me dick or give me death;-1001037004907;328069;143472826;306030998;"2018-08-13 03:57:22";1
I will fucking debase myself for paws;-1001037004907;328077;209707941;274315974;"2018-08-13 03:58:43";1
ITS SO SCARY IM IN FEAR;-1001037004907;328317;687253848;306030998;"2018-08-13 04:52:46";0
OKIFUR STARTED IT;-1001037004907;328328;687253848;209707941;"2018-08-13 04:53:59";0
oh my got, his first sentence had boner in it.;-1001037004907;328367;209707941;306030998;"2018-08-13 04:57:02";1
Ban me daddy I want your thicc hammer.;-1001037004907;328731;274315974;306030998;"2018-08-13 14:51:05";1
Is this really not good enough to quote?;-1001037004907;328761;274315974;306030998;"2018-08-13 15:02:00";0
Top me Vanaddy;-1001037004907;328839;233740074;274315974;"2018-08-13 16:39:42";1
Meds? In. Dick? Out.;-1001037004907;328886;687253848;306030998;"2018-08-13 17:08:10";1
pfffft, sleeping is for gay people;-1001037004907;329577;687253848;306030998;"2018-08-14 04:06:10";0
Wait you think that stuff is extreme?;-1001037004907;329956;233740074;222995514;"2018-08-14 18:01:55";0
"are there people 👫who actually thinking 🤔💭💭sucking 😏dick 🍆💦is gay?✋️❌👬
you're sharing👍🍖 protein🍗
you're 😏👌admiring masculine💪 🍆👀physique😩😩
being in the vicinity of other ⬆️high ⬆️testosterone males 👬👬👅⤴️increases ⤴️your own testosterone👌👍👅
eating pussy 😿🙅‍♂️is gay 👨‍❤️‍👨because you're litterally slurp😏ing down ⤵️estrogen⤵️and long term relationships have been proven to ⬇️lower ⬇️testosterone.
spartans 🏋️‍♀️💪had gay 👨‍❤️‍👨👨‍❤️‍💋‍👨orgies👅💦 all the 🕡🕜time 🕐🕟and they were the 📈⬆️height of 👍👨‍❤️‍👨masculinity. 💪😩you bet they were at ❗️least ❗️fondling eachothers test producers.
all these ☀️summer ☀️DYEL's piss 😑me off😡😡their 😍twink😜bodies don't ❌understand, but in 🕐time i'm sure they'll get it.";-1001037004907;330021;418514848;306030998;"2018-08-14 20:06:32";1
"in the shape
of an I II II IL
On her forehead";-1001037004907;330195;418514848;306030998;"2018-08-14 22:19:37";0
bitch I'll say "e" when I want to;-1001037004907;330218;687253848;418514848;"2018-08-14 22:23:24";0
((( Ｃ　Ｒ　Ｕ　Ｍ　Ｃ　H　Y )));-1001037004907;330236;418514848;306030998;"2018-08-14 22:27:58";0
My FUCK I want dick right now.;-1001037004907;330422;222995514;306030998;"2018-08-15 01:16:59";1
"Ass hair, am I right?

Flex tape.

Flex tape as wax strips

I'll take my Nobel Peace Prize";-1001037004907;330646;233740074;306030998;"2018-08-15 03:55:26";0
"SLAP MY ASS LIKE THAT

WITH THE FUCKIN FLEX TAPE

HAIR GONE, JUST LIKE THAT";-1001037004907;330657;233740074;306030998;"2018-08-15 03:57:07";0
"Overall
431 total quotes

Total Times Quoted
 • 57: Teridax
 • 54: 🐾Okifur🐾
 • 33: Black Cat
 • 30: E_D_AMA
 • 25: Vanawolf

Total Quotes Added
 • 169: Black Cat
 • 71: 🐾Okifur🐾
 • 47: Asiriyuq
 • 30: Teridax
 • 25: Vanawolf";-1001037004907;330704;233740074;306030998;"2018-08-15 04:03:14";0
Bet you'd like to vore them you dirty bastard. Huh? HUH? Wouldn't you now. Yea that's right dick head. You would.;-1001037004907;331143;687253848;306030998;"2018-08-15 17:29:32";1
Paladin walks into the scene at hand, casts detect evil, slowly walks back out;-1001037004907;331215;227778292;306030998;"2018-08-15 17:59:29";0
If your not into everyone of my kinks delete your account, if you even try and pm me without checking my f-list i will report and block you immediatly, no exceptions.;-1001037004907;331546;274315974;306030998;"2018-08-16 00:40:35";1
Floor activity: everyone makes an f-list;-1001037004907;331604;50352739;306030998;"2018-08-16 01:41:26";1
It says here that you're into Business related fantasies. We could use someone with your aptitude on our team.;-1001037004907;331613;306030998;209707941;"2018-08-16 01:42:46";0
I grabbed life by the balls and said “this is mine now”;-1001037004907;331716;448289659;222995514;"2018-08-16 02:46:43";0
I'm not money matching you for my cock;-1001037004907;331817;233740074;306030998;"2018-08-16 03:26:35";1
I also love using people as lighting fixtures;-1001037004907;331923;209707941;306030998;"2018-08-16 03:48:33";0
I fuck with it;-1001037004907;332412;233740074;222995514;"2018-08-16 18:02:55";0
Boobs BITE;-1001037004907;334989;42432549;222995514;"2018-08-19 00:26:42";1
Can 👏 we 👏 hit 👏 2000 👏 minorities 👏;-1001037004907;335025;222995514;306030998;"2018-08-19 01:11:40";0
Hey boys. It's Fingers in his Ass Sunday.;-1001037004907;335871;687253848;306030998;"2018-08-19 16:18:28";1
Someone give it too me plz;-1001037004907;336279;687253848;274315974;"2018-08-20 02:47:44";0
Thanks for the quote daddy;-1001037004907;336289;687253848;306030998;"2018-08-20 02:51:31";0
“Is this what knife play is like”;-1001037004907;336303;448289659;306030998;"2018-08-20 03:08:41";0
UPDATE: I am no longer wearing the minion PJs because bulli 🤔;-1001037004907;336368;418514848;306030998;"2018-08-20 04:03:07";0
But I’ll always try thou come to Ye Saturday ibureakfasts;-1001037004907;336406;448289659;306030998;"2018-08-20 04:08:43";0
My favorite foodstuff is cock. Ever since the Civil War, I put it in my ass to get the worms out and give it taste.;-1001037004907;336530;687253848;209707941;"2018-08-20 05:03:57";1
Ben (Shapiro) CONSENTUALLY FUCKS Liberal with RATIONALITY and TRUTH before squirting a HOT LOAD of FACTS all over;-1001037004907;336533;306030998;418514848;"2018-08-20 05:04:12";1
I'll "nice" you 😤😤😤👏👏👏;-1001037004907;336840;418514848;306030998;"2018-08-20 16:15:53";0
Do you think the KKK like Minecraft creepers;-1001037004907;336969;233740074;306030998;"2018-08-20 16:57:17";1
never before has text made my nipples so erect;-1001037004907;336986;598605090;306030998;"2018-08-20 17:01:55";1
GODDAMNIT WHY DO YOU ALL HAVE SUCH A stronk BAN FETISH?;-1001037004907;336996;209707941;306030998;"2018-08-20 17:03:50";0
"My friend: nose
My friend: I typed that with my nose
Me: penis
My friend:";-1001037004907;337013;233740074;306030998;"2018-08-20 17:06:10";1
I wish there was the clapping emoji but for ass cheeks;-1001037004907;337021;598605090;209707941;"2018-08-20 17:07:04";1
Gay is my fettish i just wanna be in physical contact with another penis at all times;-1001037004907;337280;274315974;306030998;"2018-08-20 17:46:17";1
Lame;-1001037004907;337384;274315974;209707941;"2018-08-20 17:58:13";0
Lame;-1001037004907;337385;274315974;42432549;"2018-08-20 17:58:17";0
I sweer to jebus i will stab your butt with my penus;-1001037004907;337396;274315974;306030998;"2018-08-20 18:00:22";1
don't try to fish for it, just let it happen naturally;-1001037004907;337432;306030998;222995514;"2018-08-20 18:04:12";0
Black your a quote whore, look at the numbers you quote garbage;-1001037004907;337476;274315974;306030998;"2018-08-20 18:10:10";0
If the beds are too high I'll hit my head doing doggy style >:(;-1001037004907;337852;233740074;306030998;"2018-08-20 20:44:29";1
“I know that’s not what you mean, but I’m choosing to ignore your intentions”: https://i.imgur.com/bvcgiXL.jpg;-1001037004907;337992;170274001;306030998;"2018-08-20 22:40:20";0
@Teridax you are our daddy now;-1001037004907;338043;209707941;306030998;"2018-08-20 23:35:40";1
*whines in attention whore*;-1001037004907;338158;479647859;306030998;"2018-08-21 00:24:44";0
should i be offended rn?;-1001037004907;338265;274315974;157523707;"2018-08-21 01:36:35";0
I go away for two seconds and you think I’ve gotten secondhand semen on Az’s face;-1001037004907;338286;448289659;306030998;"2018-08-21 02:07:17";1
delete this and then yourself;-1001037004907;338319;306030998;687253848;"2018-08-21 02:26:22";1
Do cows have udders? Do snakes have fangs? Or jellyfish tentacles?! Of course they are nipples. Who gets a tattoo of two blue footballs on their pecs;-1001037004907;338452;598605090;306030998;"2018-08-21 03:24:19";0
I'm sexually attracted to my airplane tbh;-1001037004907;339486;233740074;306030998;"2018-08-22 15:31:52";1
e621.net/post/index/1/aeromorph;-1001037004907;339490;306030998;687253848;"2018-08-22 15:34:53";1
I hate myself and i want you all to hate me as much as i hate myself.;-1001037004907;339579;274315974;306030998;"2018-08-22 16:33:48";0
Furry Asbestos Toob;-1001037004907;340456;42432549;306030998;"2018-08-22 23:15:00";0
"Declare intent
Ease yourself in
Ask to continue
Destroy anus
Assess damage
Say sorry
STD test";-1001037004907;340523;306030998;209707941;"2018-08-23 00:04:56";1
I also love getting my puss hot enough to melt cheese on it.;-1001037004907;341176;209707941;222995514;"2018-08-23 02:03:40";1
When the message preview just says "I gotta sow my seed...";-1001037004907;341266;154722955;306030998;"2018-08-23 03:04:51";1
poop companies will go bankrupt;-1001037004907;341661;75977717;687253848;"2018-08-23 15:15:36";0
Then just shank them. Survival of the fittest. Battle Royal irl.;-1001037004907;341757;42432549;157523707;"2018-08-23 16:10:40";0
I had redmarks on my neck constantly.;-1001037004907;341998;209707941;274315974;"2018-08-23 18:06:39";0
Hopefully my sex slave gives me head today;-1001037004907;342109;233740074;306030998;"2018-08-23 21:07:27";1
I got us pregnant;-1001037004907;342415;274315974;306030998;"2018-08-24 14:48:26";1
"Speaker: talk to your finger
Me: sorry about that time you went up my butt";-1001037004907;342618;233740074;306030998;"2018-08-24 17:54:00";1
nice anal vore;-1001037004907;342623;306030998;687253848;"2018-08-24 17:56:26";1
Vore can solve this;-1001037004907;342838;222995514;306030998;"2018-08-25 00:28:32";0
Ryan could make enough eggs to impregnate all of us;-1001037004907;343391;164072428;222995514;"2018-08-25 13:57:24";1
Goodnight dick 😵😵😴😴😴😴😴😴;-1001037004907;343825;687253848;306030998;"2018-08-25 22:22:19";1
Linux users be like *notices ur operating system" OWO WHyS THIS NOT LINUX?;-1001037004907;345131;233740074;418514848;"2018-08-27 14:40:17";0
The greatest difficulty with communication is the illusion that it has taken place.;-1001037004907;346504;170274001;157523707;"2018-08-28 22:07:33";0
One testicle on each;-1001037004907;346632;209707941;157523707;"2018-08-28 23:29:43";1
);-1001037004907;347345;598605090;157523707;"2018-08-29 19:32:47";0
I had a mom, once.;-1001037004907;347542;42432549;157523707;"2018-08-29 23:32:18";0
I will caboose you whenever I want :);-1001037004907;348050;157523707;75977717;"2018-08-30 16:57:23";0
Time for the 4th day of salsas in a row :3;-1001037004907;348066;222995514;157523707;"2018-08-30 17:07:05";0
This is where experts believe the killing started...;-1001037004907;348410;154722955;306030998;"2018-08-30 21:14:14";0
"Shush! UwU we just appreciate the fine things in life.

Also bone marrow smells like fritos, and shredded fascia looks like tuna salad. It is bizarre.";-1001037004907;348473;209707941;157523707;"2018-08-30 22:01:32";0
People meat is so fascinating;-1001037004907;348793;209707941;233740074;"2018-08-31 01:20:06";0
take your pants off to adjust your package;-1001037004907;349408;75977717;687253848;"2018-08-31 18:09:13";1
that may not be a but, what if the DRUGS ARE IN OUR ICECREAM!?;-1001037004907;350739;209707941;222995514;"2018-09-03 13:31:09";0
I'm pretty sure getting dick is easy if you speak French;-1001037004907;351095;143472826;157523707;"2018-09-03 22:32:01";1
https://youtu.be/oVLxx2jWnq4;-1001037004907;351828;75977717;50352739;"2018-09-04 23:10:04";1
I'll ask for consent when he wakes up;-1001037004907;351904;233740074;157523707;"2018-09-05 00:03:51";1
Are you getting a collection of people on the floor;-1001037004907;352228;207892566;157523707;"2018-09-05 01:28:55";0
my pain hurts;-1001037004907;352426;418514848;157523707;"2018-09-05 02:00:34";0
"Forest: songs of birds chirping in the distance.
Beach: sounds of waves crashing in the distance.
RIT: buzz of fire alarms going off in the distance.";-1001037004907;353245;42432549;157523707;"2018-09-05 17:33:04";0
Law students in the back of the room watching judge judy;-1001037004907;353511;227778292;157523707;"2018-09-05 20:00:37";0
I’ll cessation you;-1001037004907;353620;207892566;157523707;"2018-09-05 20:33:06";0
Me, to Luke: you need to get out of the house more, I don't get a lot of chances to ROO to vore;-1001037004907;353782;233740074;306030998;"2018-09-05 22:49:35";1
"I'm in the mood to roo to vore
I'm gonna go wake up luke and kick him out brb";-1001037004907;355852;233740074;687253848;"2018-09-08 15:24:49";1
That's an epic Fortnite gamer fail;-1001037004907;355927;233740074;687253848;"2018-09-08 16:29:01";0
Getting burrito wrapped is 2nd base;-1001037004907;356841;143472826;687253848;"2018-09-10 03:27:26";0
"Roses are red,
Conventions are fun,
My favorite porn
Is on e621";-1001037004907;358259;157523707;306030998;"2018-09-11 20:26:42";1
You ever just finesse some floor socks;-1001037004907;358434;233740074;157523707;"2018-09-12 00:57:22";0
No toobs in ass!;-1001037004907;358823;42432549;157523707;"2018-09-12 16:18:43";1
Xoren is brat jesus;-1001037004907;358828;209707941;687253848;"2018-09-12 16:19:27";0
i wanna rub my musk on someone;-1001037004907;359381;598605090;306030998;"2018-09-13 02:36:40";1
Bats are a historically underepresented species, let them have a month, you get a whole year to be in the foxlight.;-1001037004907;359491;209707941;233740074;"2018-09-13 03:05:42";0
Sometimes you gotta throw it in the "Fuck-It Bucket" for the sake of your sanity.;-1001037004907;359698;295459757;222995514;"2018-09-13 03:50:34";0
"Me: *walks into hall*
Charles: .....men
Me: I can get behind that
Charles: xd
me: actually, in front of that
Charles: *actually rolls on the floor*";-1001037004907;360482;233740074;306030998;"2018-09-14 01:43:31";1
https://78.media.tumblr.com/34a049c78f7f3f104ef481b350e1b186/tumblr_pbczsp2Fen1rfeieno1_500.gif;-1001037004907;361146;56367280;306030998;"2018-09-15 00:27:59";0
"Whoever packaged my order of this deserves to be fired. They decided an envelope and some bubble wrap was sufficient. It wasn't. In my excitement, I didn't question the undoubtedly questionable packaging. I ripped open the package and took out the bubble wrapped bottle. As I unwrapped it, to my horror, the broken bottom of the bottle fell onto my hand and carpet. I rushed to my kitchen, and in one of the least thought out and reckless moves of my life, I washed out the bottle with hot water. It was my greatest mistake of that day. The already toxic fumes clinged to the steam causing an absolute hellish gas to begin spewing from the sink. All too quickly the horrid concoction filled the air of our kitchen. My sister witnessed the horror, and believed me to be exaggerating the suffering my mistake had caused me. My lungs were breached by the tainted air, and induced a violent uncontrollable retching. I told her to get to safety as I ran outside myself. She quickly realized I was sincere as the gaseous death reached her.

 My grandmother believed she was stronger than the toxisity that now filled our kitchen. In a brave act she ignored our warnings to see for herself the calamity I had wrought onto our home. Her lungs, weakened by age and asthma, were instantly marred. She nearly fell to the hell-smoke's clutches, but in an act of mercy from a divine power, she was able to escape and seek safety in the open air of our backyard. After the s**t-storm had lessened, I realized that I still had some of the deadly sauce on my hand. I quickly doused it off with water from our hose, but it was too late. The sauce had inflicted a chemical burn that haunted me for nearly a week after. I was unable to take warm showers and harsh sunlight irritated my skin greatly.

 While this sauce almost single-handedly killed me and my loved ones via suffocation, I feel obliged to give it five stars. I knew this sauce would bring me pain when I purchased it, but I gravely underestimated the true power of my foe, and have been taught to never make such a mistake again. This sauce has humbled me with it's cruel and unapologetic potency. Use caution when handling this product, especially if it comes in an envelope.";-1001037004907;361246;209707941;306030998;"2018-09-15 03:24:54";0
tbh I'd let Kaittiolu impregnate my non-ass pussy with his dog batter;-1001037004907;362949;306030998;233740074;"2018-09-18 03:39:14";1
You're a capitalist, I don't trust anything you have to say on this matter :3;-1001037004907;363685;157523707;306030998;"2018-09-19 02:52:43";0
Bi stands for bitch idiot;-1001037004907;363920;687253848;306030998;"2018-09-19 14:51:23";0
Delete your whole exist;-1001037004907;364506;233740074;687253848;"2018-09-20 01:51:43";0
Go commit don't feel so good;-1001037004907;364509;233740074;306030998;"2018-09-20 01:51:56";0
I did NOT spend 4 years mastering the art of competitive gaming and becoming one of the best players in my region to appease your foot fetish;-1001037004907;365329;233740074;306030998;"2018-09-20 20:43:59";0
While you were wanking to weird bat feet claws, I studied the blade.....;-1001037004907;365341;233740074;687253848;"2018-09-20 20:45:52";1
"You know how twitch streamers who let their titties hang out get offended if you like their titties

It's the same thing with my weird gamer bat feet uvu";-1001037004907;365389;233740074;306030998;"2018-09-20 20:55:04";1
i turned the air conditionign off because i wanted to feel like i was in my fursuit;-1001037004907;366577;598605090;687253848;"2018-09-21 20:13:44";0
e624 smfh;-1001037004907;366922;448289659;56367280;"2018-09-22 10:34:09";0
I will eat you to prove you wrong;-1001037004907;367212;207892566;306030998;"2018-09-22 22:07:28";0
I don't know what this means but you're not allowed to say it;-1001037004907;368002;306030998;157523707;"2018-09-24 02:22:08";0
https://cdn.discordapp.com/attachments/268219165897129985/494219529950330910/unknown.png;-1001037004907;369022;598605090;306030998;"2018-09-25 21:10:19";0
Lol tfw capitalism has it's own natural selection /s;-1001037004907;370077;157523707;306030998;"2018-09-27 14:35:50";0
Thanks I hate it;-1001037004907;370149;42432549;157523707;"2018-09-27 15:31:18";0
">eat
>vore";-1001037004907;371404;222995514;306030998;"2018-09-28 12:56:36";0
"'Cum on me Garfield'

-someone";-1001037004907;372461;209707941;306030998;"2018-09-30 01:18:38";1
"But think of the children! It’s fun to know when their demise is imminent ;P";-1001037004907;375137;42432549;157523707;"2018-10-03 18:25:54";0
The quote bot does not allow the addition of messages forwarded to this chat, only messages originating in this chat may be added;-1001037004907;375747;164072428;56367280;"2018-10-04 17:32:30";0
conniptions.gives;-1001037004907;376198;209707941;157523707;"2018-10-05 02:21:43";0
I'll store you in balls;-1001037004907;376994;143472826;157523707;"2018-10-06 14:33:52";1
"Actually, I think an ass-targeting virus is going around. People keep bringing up their dead asses in conversation.

Now I'm all for being open about your ailments, but damn, see a doctor if your ass is in such a state that y'all are calling it dead.";-1001037004907;377438;209707941;157523707;"2018-10-07 01:13:35";0
Wakes up and bleats into the void of existence;-1001037004907;378243;598605090;157523707;"2018-10-09 12:50:04";0
I can turn water into wine with thigh friction;-1001037004907;379045;143472826;418514848;"2018-10-10 04:50:41";0
Need to study butt holes more;-1001037004907;380437;598605090;222995514;"2018-10-12 01:44:26";1
Rip my nipples off and call me a mug. I'm gonna be there to fill up;-1001037004907;380700;598605090;157523707;"2018-10-12 15:39:34";1
"1. Don't think I can
2. You're a mug
3. Cool";-1001037004907;380703;154722955;157523707;"2018-10-12 15:40:07";0
I like to fuck kids, that's innapropriate;-1001037004907;380784;75977717;157523707;"2018-10-12 17:23:43";1
I could break that by flexin'.;-1001037004907;383337;295459757;157523707;"2018-10-16 22:16:03";0
OH MY GOD APPARENTLY ONE OF THE ARTISTS I COMMISSIONED THOUGHT MY SONA WAS A GIRL SO SHE DREW ME WITH BOOBS IM DEAD;-1001037004907;384450;687253848;157523707;"2018-10-18 04:47:29";0
My mistake was actually a hypothesis in disguise;-1001037004907;384712;687253848;157523707;"2018-10-18 14:56:10";0
"|￣￣￣￣￣￣￣￣￣￣￣|
            Vanawolf is
                   Gay!
|＿＿＿＿＿＿＿＿＿＿＿|
                \ (owo) /
                  \      /
                    ---
                    |   |";-1001037004907;385210;157523707;306030998;"2018-10-19 13:21:13";0
The Passion of the Christ: VR Edition: Reloaded;-1001037004907;387660;50352739;157523707;"2018-10-24 21:32:53";0
I have never, ever regretted opening a voice message more than this;-1001037004907;388174;154722955;209707941;"2018-10-25 04:23:01";0
Resident CHEEVIL;-1001037004907;388382;209707941;154722955;"2018-10-25 05:15:18";0
"128oz to a gallon. Say a 4oz lube lasts ~50 cummies. Your mpg is 1.6k. Assuming you get 1 cummie per murr when by yourself. When with a partner your cpm would increase but your base efficiently of mpg would likely not change significantly.

If mpg is in fact gallons of cum then as cpm increases your mpg would decrease as the number of cummies per murr increases. I belive this relationship is a better use of the mpg term.
We would also need to define murr. It could be a sex act involving yourself or yourself and others that lasts until all parties cum. Or untill you stop for the day. Or till the murrsuit comes off. And how long can the refactory period be until it breaks a chain?";-1001037004907;389692;274315974;306030998;"2018-10-26 20:05:35";1
Objectify pretty girls like me instead;-1001037004907;390444;306030998;50352739;"2018-10-29 02:07:00";0
yote is the past tense of yeet;-1001037004907;391889;508775663;306030998;"2018-10-31 02:50:14";0
ΥΙΦ for lyfe;-1001037004907;392784;42432549;157523707;"2018-11-01 02:29:29";0
I'm not talking with the bitch;-1001037004907;394365;154722955;42432549;"2018-11-02 21:39:22";0
He did what in his cup?;-1001037004907;395650;75977717;157523707;"2018-11-04 21:59:36";0
"How long has it been, 3 months?

Day 83
Still have not received top from Vanadaddy";-1001037004907;395721;233740074;306030998;"2018-11-04 23:51:43";1
I made a Keane observation;-1001037004907;397337;306030998;209707941;"2018-11-07 00:27:10";0
CARBS‽ In MY CHAT‽;-1001037004907;397730;42432549;157523707;"2018-11-07 16:08:31";0
https://i.imgur.com/ndINpS9.png;-1001037004907;399511;687253848;306030998;"2018-11-09 06:38:36";0
All right everyone, pack it up. Black is officially mpregged. We can all go home now.;-1001037004907;399523;687253848;306030998;"2018-11-09 06:39:48";1
If only he ate babies;-1001037004907;399827;209707941;157523707;"2018-11-09 16:25:20";0
Finally, I’ve waited for this moment.;-1001037004907;399841;42432549;154722955;"2018-11-09 16:26:39";0
Debtful;-1001037004907;399862;42432549;209707941;"2018-11-09 16:28:08";0
Didn’t realize it was such a rough day at the salt mines, today;-1001037004907;401011;42432549;209707941;"2018-11-10 19:08:11";0
Gimme petss!! :(((( I want peettss :((((((((( :( :((( okiii :((((((;-1001037004907;401372;687253848;209707941;"2018-11-11 04:55:10";0
but Arcy is Vorecy;-1001037004907;403468;209707941;157523707;"2018-11-13 20:48:11";0
(´°̥̥̥̥̥̥̥̥ω°̥̥̥̥̥̥̥̥｀);-1001037004907;404266;96902118;56367280;"2018-11-14 20:18:28";0
does it feel as good as dominoes medium 3 topping pizza for only $5.99 each?;-1001037004907;405280;75977717;157523707;"2018-11-15 21:37:17";0
I purchase their services for my ERP (erotic roleplay) and CRM (creamy runny milky) systems;-1001037004907;406251;157523707;209707941;"2018-11-16 22:06:38";0
Lyx out here frying kids on the grill in the middle of winter;-1001037004907;408997;687253848;154722955;"2018-11-21 03:57:14";0
From the audio it sounded like Bailey was in front of a bulletin board with red string connecting pictures. Just going, "Poutine, poutine, poutine, poutine, poutine...";-1001037004907;409110;154722955;209707941;"2018-11-21 04:17:39";0
Time2stuffthatturkussy;-1001037004907;409763;96902118;306030998;"2018-11-22 01:43:19";0
"I sure hope after a month my buttcheeks don't clench my toy in half

Fucking dig its ass teeth into the toy and rip a chunk off";-1001037004907;410552;233740074;306030998;"2018-11-23 17:19:21";1
"I'm going to just start inventing deformities

Yeah I got ass tentacles what about it";-1001037004907;410589;233740074;306030998;"2018-11-23 17:25:43";0
*hears physics*;-1001037004907;411578;479647859;687253848;"2018-11-24 17:28:29";0
I made music with that orifice;-1001037004907;411767;209707941;154722955;"2018-11-24 21:14:10";0
league of legends more like leg of leg;-1001037004907;412325;84894645;306030998;"2018-11-26 04:49:07";0
Time for some motherfucking pyromania;-1001037004907;413179;209707941;157523707;"2018-11-27 23:51:59";0
Okifur: not even once;-1001037004907;413447;154722955;209707941;"2018-11-28 05:30:47";0
"This is your brain. 🥚

This is your brain on Okifur. 🍳";-1001037004907;413456;209707941;154722955;"2018-11-28 05:31:33";0
im tired, gay, and i just need my dicks right now;-1001037004907;415097;96902118;306030998;"2018-11-30 03:51:50";1
I WAS BIRTHED OUT OF JESUS' PENIS!?;-1001037004907;415213;209707941;282841080;"2018-11-30 16:31:24";0
bowser is a big growly monster with a magnum dong who will love you with his big belly;-1001037004907;417136;96902118;157523707;"2018-12-04 02:44:05";1
Free-range, cage-free cummies;-1001037004907;419222;209707941;154722955;"2018-12-09 01:08:53";1
You can't top;-1001037004907;419507;154722955;306030998;"2018-12-10 03:05:45";1
Finally, a good use for vore: Disposing of children.;-1001037004907;419691;42432549;157523707;"2018-12-10 16:58:23";1
Teridax is making me cum so hqrd;-1001037004907;420983;687253848;306030998;"2018-12-12 04:20:20";1
EAT HIS ASS, TERI;-1001037004907;421002;306030998;154722955;"2018-12-12 04:23:20";1
Twink Ike;-1001037004907;421118;306030998;222995514;"2018-12-12 04:48:04";0
Yikes this chat took a 180;-1001037004907;421709;687253848;482023382;"2018-12-12 18:38:36";0
a shameful nut;-1001037004907;421896;209707941;164072428;"2018-12-12 21:24:09";1
That looks like a fun fleshlight;-1001037004907;421987;233740074;209707941;"2018-12-13 01:38:43";1
vaginas are evil monsters from the deep sea;-1001037004907;423054;75977717;209707941;"2018-12-14 17:44:21";1
Who else is ready to bomb a final they didn't prepare for in a class they didn't pay attention during to fulfil a requirement they don't care about!?;-1001037004907;424312;479647859;157523707;"2018-12-18 18:02:05";0
We are gonna start a meowl;-1001037004907;424723;209707941;306030998;"2018-12-19 14:30:37";0
I am safe;-1001037004907;425635;687253848;154722955;"2018-12-21 04:33:30";0
How can mirrors be real if our eyes aren't real;-1001037004907;425816;598605090;157523707;"2018-12-21 05:06:52";0
Lassos are just throwable bondage;-1001037004907;425866;143472826;157523707;"2018-12-21 06:06:43";1
5 Guys Burgers and My Disappointment is Immesurable and My Day is Ruined;-1001037004907;426073;479647859;157523707;"2018-12-21 20:26:49";0
Summer nostalgia hits like an SUV;-1001037004907;426414;154722955;157523707;"2018-12-22 02:15:21";0
"The Paw Collection

Pliz tested, mom approved";-1001037004907;427584;105785326;306030998;"2018-12-24 00:44:45";0
Chaotic sub;-1001037004907;428018;42432549;170274001;"2018-12-24 05:29:56";1
Dbz is like la croix weeb;-1001037004907;428285;75977717;687253848;"2018-12-24 16:56:59";0
I just had Popeyes as my Christmas dinner;-1001037004907;428560;306030998;687253848;"2018-12-24 23:06:06";0
It’s me its an mpreg Pokémon joke;-1001037004907;429187;96902118;306030998;"2018-12-25 22:36:56";1
I can't believe you live in Fortnite;-1001037004907;429235;56367280;306030998;"2018-12-25 22:41:24";0
I needed Lucario in my life before;-1001037004907;429349;116698782;222995514;"2018-12-25 23:25:14";0
I Mega need Mega Lucario in my Mega life;-1001037004907;429351;116698782;306030998;"2018-12-25 23:25:30";0
Im uwutistic;-1001037004907;429867;274315974;209707941;"2018-12-26 01:55:56";0
I never get quoted but now you do it;-1001037004907;429871;274315974;75977717;"2018-12-26 01:56:44";0
This message is not supported by your version of Telegram. Please update to the latest version: https://telegram.org/dl;-1001037004907;430374;306030998;157523707;"2018-12-26 20:14:29";0
"412 Precondition failed
Insufficient paranoia";-1001037004907;431715;170274001;157523707;"2018-12-28 17:25:00";0
git: 'vored' is not a git command. See 'git --help’.;-1001037004907;431929;170274001;306030998;"2018-12-29 03:12:16";0
Chisholm bw paddock n path luck lab swell log sheep neck pastures;-1001037004907;431992;209707941;157523707;"2018-12-29 04:09:56";0
The year is 2030, the word "eat" has been entirely replaced by "vore";-1001037004907;432086;418514848;306030998;"2018-12-29 05:11:38";0
Me on my way to Trader Joe's™;-1001037004907;432840;418514848;154722955;"2018-12-30 16:46:45";0
Vana is gay;-1001037004907;433160;687253848;274315974;"2018-12-31 02:07:03";0
YOAST;-1001037004907;433206;116698782;306030998;"2018-12-31 02:16:33";0
i wanna experiance your taste;-1001037004907;434042;274315974;157523707;"2018-12-31 21:49:22";0
Yos,, sipp tięme, , but it was me, another glass of new year,d juice,, ,.,.,.,.,.,,;-1001037004907;434669;418514848;209707941;"2019-01-01 05:41:04";0
crønch,,;-1001037004907;434676;418514848;687253848;"2019-01-01 05:41:43";0
https://twitter.com/_RKGKNK_/status/1079887335595085825?s=19;-1001037004907;435236;233740074;306030998;"2019-01-01 17:01:15";0
Cats are love. Cats are life.;-1001037004907;435287;143472826;306030998;"2019-01-01 19:16:14";0
If it's the dean's list of faggotry then why aren't you on it?;-1001037004907;435376;306030998;170274001;"2019-01-01 23:28:53";1
Bowser is a single dad, , , and he's doing his best ok? ? ? ?  😭;-1001037004907;435398;418514848;233740074;"2019-01-02 00:51:53";0
Vana is in need of pets;-1001037004907;435509;143472826;274315974;"2019-01-02 04:37:20";0
cotton cummi, ,,,,;-1001037004907;435953;418514848;306030998;"2019-01-02 21:07:17";1
If cat cowboys say meowdy, what do fox cowboys say?;-1001037004907;436671;306030998;489609075;"2019-01-03 16:18:11";0
Abundance of beane,,, in @Azrealm1 's stream ,,;-1001037004907;436756;418514848;209707941;"2019-01-03 18:41:25";0
Anything is edible if prepared properly;-1001037004907;437077;209707941;170274001;"2019-01-04 06:20:02";0
many regert;-1001037004907;437354;418514848;222995514;"2019-01-04 20:45:05";0
i will,, now proceed to plant my face directly onto the keyboard;-1001037004907;437478;418514848;154722955;"2019-01-05 07:03:13";0
"These aren't your ordinary everyday stompies

These are...

Advanced Stompies";-1001037004907;437842;306030998;222995514;"2019-01-06 21:07:26";0
My brother called his cat's toe beans "Paw Clitoris.";-1001037004907;437853;295459757;306030998;"2019-01-06 21:28:13";1
Agreed, cat is a far superior body;-1001037004907;437894;179398809;154722955;"2019-01-06 22:42:25";0
Skeleton piloted meat Gundam??;-1001037004907;437904;179398809;418514848;"2019-01-06 22:46:18";0
the vana crust really adds to the texture of the furfag stew;-1001037004907;438343;306030998;209707941;"2019-01-07 23:01:49";1
"Oh shit that's sick

I'm gonna buy a musically synced vibrating dildo

And I'm gonna listen to the WHOOOOOOOLE Breath of the Wild soundtrack";-1001037004907;438890;233740074;222995514;"2019-01-09 02:49:57";1
I would like,,. , A robot fren who tells me many stories such as ,. , "Sskovoakeoovkqkkfkfkjsn," and "czjcjosofokakkvjdkqfnsj,,";-1001037004907;439161;418514848;209707941;"2019-01-09 22:07:27";0
*proceeds to put tinfoil and propane into microwave*;-1001037004907;439283;187565292;157523707;"2019-01-10 00:48:07";0
I’m going to put my dick so far down your throat arf arf snack your uvula all over the place lick;-1001037004907;439959;207892566;306030998;"2019-01-12 03:19:48";1
, just one..;-1001037004907;440161;418514848;306030998;"2019-01-12 05:08:57";0
"Alcohol just returns me even more to my base state:"Lewd Hugs"";-1001037004907;440252;598605090;154722955;"2019-01-12 18:58:11";1
I'm a wizard;-1001037004907;441559;418514848;209707941;"2019-01-16 19:31:10";0
yall ever get bored. then remember yiff exists?;-1001037004907;442148;598605090;687253848;"2019-01-18 05:21:11";1
making my awoo down town,;-1001037004907;444494;274315974;222995514;"2019-01-23 03:56:48";0
ᵘʷᵘ oh fwick ᵘʷᵘ ᵘʷᵘ ᵘʷᵘ ᵘʷᵘ ᵘʷᵘ ᵘʷᵘ ᵘʷᵘ ᵘʷᵘ fwick sowwy gwuys ᵘʷᵘ ᵘʷᵘ ᵘʷᵘ ᵘʷᵘ ᵘʷᵘ ᵘʷᵘ sowwyy im dwopping ᵘʷᵘ my uwus all over the ᵘʷᵘ pwace ᵘʷᵘ ᵘʷᵘ ᵘʷᵘ sowwy -~- nyah;-1001037004907;444550;306030998;209707941;"2019-01-23 04:47:07";0
Simple solution, marry some chocolate cake!;-1001037004907;446641;209707941;222995514;"2019-01-28 03:16:48";0
my fetish is numerically superior to yours.;-1001037004907;447179;274315974;222995514;"2019-01-29 01:11:51";0
Disjunctive syllojizzim;-1001037004907;447182;170274001;42432549;"2019-01-29 01:12:28";0
JoJo,s, , bizarre advarre,, ,;-1001037004907;447248;418514848;154722955;"2019-01-29 02:27:57";0
"You forgot
Unbirth: yeast infection";-1001037004907;447706;233740074;209707941;"2019-01-29 23:37:29";1
I do not require, the chocc, I require, the z o o m j ui c e;-1001037004907;448002;418514848;154722955;"2019-01-30 17:33:10";0
Is it a sex position? A tax evasion trick? A category of microbrews?;-1001037004907;448658;306030998;157523707;"2019-01-31 19:31:07";0
"HIT👊OR YIFF🦊,
I GUESS🤔THEY NEVER🚫YIFF🐾HUH?
YOU😲GOT✔️A FUR-FRIEND🙊 I BET🎰HE DOESN'T🙅‍♀️KNOT💄💦YA!
POP 💋
HE GON'👉GLOMP🤗ANOTHER😐GIRL💃AND HE WON'T🚫MISS YA! 😪
HE GON'😋POUNCE 🐅AND GO OWO LIKE WHAT😏IS THIS?🍆 NYA~ 😻";-1001037004907;449115;84894645;306030998;"2019-02-01 15:14:49";1
They don't call me Feline Supreme for nothing;-1001037004907;450406;143472826;157523707;"2019-02-04 04:44:06";0
"Rise and grind gamers
Let's get this bread";-1001037004907;450619;233740074;598605090;"2019-02-04 13:04:50";0
ᶦᵗ ᵐᶦᵍʰᵗ ᵇᵉ ˢᵒᵒⁿ;-1001037004907;450742;418514848;154722955;"2019-02-04 17:51:54";0
Wait I misclicked;-1001037004907;451436;526180058;209707941;"2019-02-06 02:45:52";0
I'm gonna get windburn 😭;-1001037004907;452809;418514848;154722955;"2019-02-08 14:15:52";0
WELCOME TO RIT FURRY SQUAD;-1001037004907;452948;233740074;209707941;"2019-02-08 17:19:09";0
"Oh suuuuuubs... Come out and play-ayyy";-1001037004907;453086;154722955;209707941;"2019-02-08 19:22:05";1
"What's the best state to get spices from?

OREGONo";-1001037004907;453825;222995514;42432549;"2019-02-09 17:35:20";0
*Beak clacks intensify*;-1001037004907;454360;331368031;157523707;"2019-02-11 05:03:02";0
Woah, my very own quote;-1001037004907;454381;331368031;209707941;"2019-02-11 05:04:45";0
Its not like girls terrify me, just not gunna be poping a boner because of some boob proximity.;-1001037004907;455864;274315974;170274001;"2019-02-12 13:08:55";1
“Boob proximity”;-1001037004907;455867;170274001;274315974;"2019-02-12 13:09:52";0
"Todd activates his final smash. He points forward dramatically, and suddenly a speeding horsedrawn carriage appears from the background. It hits Mario and Link, the fighters in front of him. The screen goes black. After a moment, faint music begins to play, followed by a voice
'Hey you, you're finally awake'";-1001037004907;456009;306030998;446804210;"2019-02-12 14:32:08";0
Have you ever 🙏😤 praised the Ｌ ｏ ｒ ｄ fam? Yeet into service every Sunday, it's lit af 🔥 🔥🔥;-1001037004907;457451;154722955;209707941;"2019-02-14 00:59:57";0
Soft pass is better. And dont even get me started on non fatal pass.;-1001037004907;457719;222995514;209707941;"2019-02-14 03:55:19";0
"If
{ furry
   Then
    {Don't
     }
 }";-1001037004907;457900;295459757;598605090;"2019-02-14 15:55:55";0
You are pain-o-sexual;-1001037004907;459615;209707941;157523707;"2019-02-16 03:47:53";0
i can't hear you over the sound of me not reading your messages;-1001037004907;459861;84894645;157523707;"2019-02-16 04:14:35";0
Im a blond bimbo girl in a fantasy world~~~~;-1001037004907;460548;526180058;306030998;"2019-02-17 04:55:23";0
"\(•_•)
  (    )>
  /    \";-1001037004907;460577;526180058;306030998;"2019-02-17 04:59:57";0
B͉̠o̱̞̞͖̹͘n̹̟̘̹̙͓d̦̰̭̥̻͢  ͍̗̣͇̼͕̪w҉̥̲̥͈̼͇̭i̵̞̭̬̪̣̱̣t͇h͍͎ ̤̤̗̙̦̖ͅm̨͈͙̝e͔͈ J̛͙im̡̹̣̜͍m͏͖̺̠̻̟͚ỵ͉̬͍̭̜;-1001037004907;461470;154722955;42432549;"2019-02-18 17:23:47";0
I am satan and i prefer cockvore.;-1001037004907;461992;274315974;170274001;"2019-02-19 02:25:04";1
If I put jelly on my penis, do you think the resident fruit bats would try to suck it?;-1001037004907;462822;209707941;233740074;"2019-02-19 22:28:15";1
yikes + oof =yoof;-1001037004907;463064;526180058;154722955;"2019-02-20 03:37:47";0
Your bones are wet everyday;-1001037004907;463753;526180058;209707941;"2019-02-21 03:26:41";0
I love the taste but it's all I can do to breathe and not spit it up lmao;-1001037004907;463848;157523707;116698782;"2019-02-21 04:08:02";0
What’s this? A body pillow for ants?;-1001037004907;465120;771529788;157523707;"2019-02-22 17:13:53";0
Sushi is broken????;-1001037004907;466239;233740074;209707941;"2019-02-24 02:17:52";0
I'm noting this because I'm a whore for dairy.;-1001037004907;467175;222995514;157523707;"2019-02-26 00:48:26";0
How do u record a quote?;-1001037004907;467884;751735389;209707941;"2019-02-26 21:46:16";0
MY SWEET SUMMER SNORKLE SPURTS. YOUR VERY BEING IS DERIVED FROM MY THICK SHAFTY BOI ENJOYING THE PLEASURE OF THE FLESH WITH A DEEP, SUCCULENT, DUMMY THICK SUITER. BECOME WHAT YOU WERE TRULY MEANT TO BE, OR HAVE YOUR EXISTANCE ERASED BY MEANS OF NEGATIVE CLIMAX.;-1001037004907;468356;295459757;306030998;"2019-02-27 17:05:31";1
sobble can slobble on my nobble don't @ me;-1001037004907;468592;669927747;209707941;"2019-02-27 23:54:13";1
"Therapist: Okifur is not real he cant hurt you
Okifur: *looking through the blinds*";-1001037004907;469195;526180058;209707941;"2019-02-28 02:36:01";0
You are dog hardware running cat software that drank a red bull. Sit the heck down;-1001037004907;469295;598605090;154722955;"2019-02-28 02:54:41";0
"INEX
HAHA
LELE";-1001037004907;470596;154722955;306030998;"2019-03-02 01:32:52";0
There is masochism, then there is enjoying monopoly;-1001037004907;470618;209707941;170274001;"2019-03-02 04:23:28";0
I may or may not be haing too much fun dusting my dongs;-1001037004907;470655;164072428;331368031;"2019-03-02 06:53:47";1
lucario doesnt need clothes 👏;-1001037004907;470991;96902118;306030998;"2019-03-03 04:12:23";0
Because I'm Shrek;-1001037004907;471688;233740074;306030998;"2019-03-04 04:20:32";0
*Looks like I and I both got confused.;-1001037004907;471980;664741064;209707941;"2019-03-04 16:06:59";0
Munson developed kids to trick us into procreating for his amusement. He has cameras in every dorm and watches you pee into her vagina.;-1001037004907;472135;209707941;154722955;"2019-03-04 18:41:15";1
finally my fantasies of daddy lyx are realized;-1001037004907;472168;84894645;209707941;"2019-03-04 18:48:24";0
I thought it forwarded stuff from the events channel here?;-1001037004907;472673;479647859;209707941;"2019-03-05 00:58:45";0
"Nobody:
Okifur: Im gonna start banning";-1001037004907;472789;526180058;42432549;"2019-03-05 04:15:26";0
Don't make me release my gay spores all over you;-1001037004907;473220;209707941;479647859;"2019-03-05 19:26:37";0
"Nobody:
Lyx: Open fire. @@@@@@@@@@@@@@@@@@@@@@@@@@@@@@@@@@@@@@@@@@@@@@@@@@@@@@@@@@@@@@@@@@";-1001037004907;473514;154722955;209707941;"2019-03-06 03:40:58";0
Absolute mewnit;-1001037004907;473540;306030998;209707941;"2019-03-06 03:59:11";0
Explain what's wrong with my peeeniiiisss;-1001037004907;474029;209707941;154722955;"2019-03-06 19:34:45";1
What if it's God's giant dragon dick;-1001037004907;474280;537772902;460681168;"2019-03-07 01:47:01";1
“Tennis” is suspiciously close to “penis”;-1001037004907;474818;482023382;306030998;"2019-03-07 22:09:54";0
Harry Potter book 9: Harry Potter Gases the Muggles;-1001037004907;475001;233740074;209707941;"2019-03-08 01:16:12";1
You can be a superior race and still lose the war;-1001037004907;475016;233740074;209707941;"2019-03-08 01:18:38";1
Why blow 20 bucks when you can fellate 20 deer?;-1001037004907;476141;306030998;222995514;"2019-03-11 00:06:37";1
Scorbunny more like whorebunny;-1001037004907;476174;209707941;154722955;"2019-03-11 00:35:33";1
Oki is the ear tyrant, anything smaller than his ears must bow to his raw and awesome power;-1001037004907;476568;598605090;209707941;"2019-03-11 14:07:40";0
That's what gets addquoted?;-1001037004907;476579;598605090;664741064;"2019-03-11 14:08:59";0
That's not going through, is it?;-1001037004907;476583;664741064;209707941;"2019-03-11 14:09:34";0
Bibeo Game,,,, , , sidjxbbB;-1001037004907;477654;418514848;154722955;"2019-03-12 18:22:41";0
I'm trying to find the giant vagina boss;-1001037004907;478720;209707941;222995514;"2019-03-13 21:08:13";0
My lavish pubes, it is beautiful out today.;-1001037004907;479400;209707941;154722955;"2019-03-14 18:39:17";1
Just use a condom. Every condom has two uses. When you’ve used one side, just invert it!;-1001037004907;480937;771529788;306030998;"2019-03-18 03:33:24";1
GET YOUR NASTY HAIRS AWAY FROM MY GLORIOUS SCALES;-1001037004907;481110;295459757;489609075;"2019-03-18 16:05:07";0
im stood ink tof a food spelling;-1001037004907;481305;598605090;154722955;"2019-03-19 03:18:14";0
WUT YA FOOKIN ASU TYA C OOMNY;-1001037004907;481314;598605090;154722955;"2019-03-19 03:19:32";0
Uh ttyttyt/ttytttttttt/t/t/tttttttt ty y_t ty6 traffic! A v;-1001037004907;481384;598605090;154722955;"2019-03-19 03:47:58";0
Oral vore is just a really advanced blow job;-1001037004907;481668;331368031;154722955;"2019-03-19 17:55:52";1
I want that 🅱ig 🅱ear 🅱enis;-1001037004907;482266;331368031;157523707;"2019-03-20 19:34:22";1
"Respect the boob. It is good.
Lest you disrespect.
Then it shall disrespect you!";-1001037004907;483073;42432549;157523707;"2019-03-21 20:37:33";0
I also wanted an excuse to talk about airplanes with chlamydia.;-1001037004907;483173;170274001;157523707;"2019-03-21 22:15:40";0
It cost you zero Dining Dollars to not say that, so why did you use a meal exchange?;-1001037004907;483493;771529788;306030998;"2019-03-22 04:35:17";0
I can't wait to get back and A. Be 19 B. play with his Bionicle;-1001037004907;483973;233740074;222995514;"2019-03-24 03:09:28";0
Uh oh.;-1001037004907;484013;222995514;331368031;"2019-03-24 03:39:47";0
no amount of washing can remove the yeen stank;-1001037004907;484290;306030998;209707941;"2019-03-25 00:13:57";0
Imminent_pouch_vore;-1001037004907;484940;331368031;157523707;"2019-03-26 02:59:04";1
𝕭𝖚𝖑𝖑𝖘𝖍𝖎𝖙;-1001037004907;484971;56367280;331368031;"2019-03-26 03:15:22";0
It’s like /ban but instead we ship you off and you never return.;-1001037004907;486887;42432549;154722955;"2019-03-30 00:04:18";0
Oh my gosh prions keep me up at night;-1001037004907;486926;42432549;157523707;"2019-03-30 01:16:07";0
Im honestly a slut for trader joes;-1001037004907;487308;537772902;154722955;"2019-03-30 05:10:39";0
Happy birthday you get 1 free H.A.L. wrap @nitepone;-1001037004907;487427;154722955;187565292;"2019-03-30 14:36:55";0
Imagine dying. By way of vore.;-1001037004907;489190;222995514;460681168;"2019-04-03 14:50:01";1
I wish that I could experience Elephant's foot for myself, to feel the glow of it's radiation. To have such a monument of humanity's futility mutate me. It would me magnificent.;-1001037004907;489793;209707941;537772902;"2019-04-04 03:55:12";0
Stop my penis can only get so erect;-1001037004907;489820;537772902;598605090;"2019-04-04 04:12:20";0
Only true Oreo connoisseurs know how to properly eat a chocolate sandwich cookie..;-1001037004907;490363;42432549;157523707;"2019-04-05 02:54:47";0
To quote Black: "gottem.";-1001037004907;490477;664741064;306030998;"2019-04-05 03:49:00";0
Musk musk musk!;-1001037004907;490645;306030998;598605090;"2019-04-05 16:11:17";0
What the heck did you just say about me, you little fennec? I’ll have you know I championed top of my rank in the pokemon league, and I’ve been involved in numerous secret attacks on Giovanni, and I have over 300 confirmed dex entries. I am trained in pokemon amie and I’m the top IVs in the entire party. You are nothing to me but just another candy. I will wipe you the heck out with curveball the likes of which has never been seen before on this hoenn, mark my fucking trumpets. You think you can get away with saying that trubbish to me over the global trade system? Think again, fucker. As we speak I am contacting my secret network of pidgey across the kanto region and your PP is being traced right now so you better prepare for the storm, caterpie. The storm that wipes out the pathetic little thing you call your party. You’re hecking dead, kid. I can be anywhere, anytime, and I can fly to you with over seven hundred HMs, and that’s just with my bare bidoof. Not only am I extensively trained in double battles, but I have access to the entire arsenal of the pc box and I will use it to its full extent to wipe your miserable pokeblock off the face of the continent, you little sneazel. If only you could have known what unholy retribution your little “clever” comment was about to bring down upon you, maybe you would have held your meowth. But you couldn’t, you didn’t, and now you’re paying the  ₽, you goddamn idiot. I will full restore fury all over you and you will faint in it. You’re hecking dead, yiffo.;-1001037004907;490867;96902118;209707941;"2019-04-06 00:39:37";0
There is no freedom! Only death;-1001037004907;491417;42432549;157523707;"2019-04-06 20:13:47";0
"What if you wanted to go to heaven
But you were dummy thick
And the clap of your ass cheeks got you pre marital sex?";-1001037004907;492038;233740074;306030998;"2019-04-08 02:11:00";0
"What if bees were intolerant of hornets?
What if bees were made of smaller bees?
What if bees were made out of BIGGER bees?
What if you picked up a phone and instead of a phone it was bees?
What if there was a photo of bees?
What if there were a bunch of bees on a plane?
What if the dinosaurs were killed by bees?
What if the dinosaurs WERE bees?
What if your Facebook beecomes infested with bees?
What if bees hacked your Facebook?
What if someone wrote on your wall about bees?
What if cats vomited bees?
What if bees could travel through paintings?
What if bees was a science and was subject to bee review?
What if bees are contagious?
What if there was a bee gun?
What if you forgot to reload the bee gun?
What if the computer monitor could produce bees?
What if bees start demanding civil rights?";-1001037004907;493065;669927747;222995514;"2019-04-09 18:55:14";0
But... Disobedience is fun!;-1001037004907;493675;479647859;154722955;"2019-04-09 22:34:39";0
Fa-la-la-la-la la-la oh worm.;-1001037004907;494116;209707941;154722955;"2019-04-10 03:13:42";0
LET ME BAN THE BIG EARED DWEEB;-1001037004907;494545;295459757;154722955;"2019-04-10 20:14:02";0
and too much cum;-1001037004907;494677;209707941;274315974;"2019-04-10 21:42:45";1
Feed me pizza so I can cry into the cheese;-1001037004907;495462;209707941;56367280;"2019-04-12 04:52:50";0
When you're into vore, everything is a snack that smiles back.;-1001037004907;495479;222995514;56367280;"2019-04-12 12:56:15";0
"Yeah I'm GAY
Going to
Actually
Yeet myself off a bridge";-1001037004907;496008;154722955;209707941;"2019-04-13 03:50:23";0
We need another quote with bionicle in it;-1001037004907;496300;306030998;222995514;"2019-04-13 22:13:03";0
I'm Oki, resident bridge troll who lives off of potato skins;-1001037004907;498214;209707941;157523707;"2019-04-17 01:04:19";0
There are many times when I genuinely feel that I shouldn’t be allowed to speak.;-1001037004907;498926;771529788;209707941;"2019-04-17 18:14:10";0
Topping is putting part of yourself in someone. Vore is putting all of yourself in someone. Vore in extreme topping. @vanawolf is a top;-1001037004907;499359;482023382;209707941;"2019-04-18 04:12:19";1
You're not a real glow-fur if you don't have cancer from Chernobyl;-1001037004907;501014;157523707;187565292;"2019-04-20 17:04:38";0
Bad Dragonfruit: Custom hand-made vegan sex toys and dildos;-1001037004907;501115;157523707;306030998;"2019-04-21 01:10:34";1
bears are big and floofy, whats not to like?;-1001037004907;501142;598605090;157523707;"2019-04-21 03:17:52";0
Suzanne Ya’ll’ins, author of The Biscuits and Gravy Games;-1001037004907;501254;170274001;209707941;"2019-04-21 16:37:36";0
this is like a chekhov's sheath and i hate it;-1001037004907;501977;96902118;306030998;"2019-04-23 00:42:46";1
"Whoa Black Betty
Anagram
Boat belt wacky
Anagram
Black Betty had a child
Anagram
Hatchback badly tiled
Anagram";-1001037004907;502447;482023382;157523707;"2019-04-23 04:56:12";0
It is extremely stolen;-1001037004907;502451;482023382;209707941;"2019-04-23 04:56:53";0
I didn't need to tell him the answer, I just needed to sexualize his mindset;-1001037004907;502825;209707941;482023382;"2019-04-24 03:38:26";0
LGBT stands for Let's Get This Bread;-1001037004907;503613;306030998;616208386;"2019-04-25 19:33:10";0
🎶OUTSIDE THE SNOW IS FALLING📯 AND FRIENDS ARE CALLING YOOOWHOOOOO🎵;-1001037004907;504767;295459757;598605090;"2019-04-27 12:54:29";0
"Maybe it's the

j i g g l e";-1001037004907;505308;75977717;157523707;"2019-04-29 00:07:33";0
Something something sweat something something musk;-1001037004907;505368;154722955;306030998;"2019-04-29 00:43:48";1
"Rats, rats, we are the rats
Celebrating yet another birthday bash
Asher, it's your birthday today
Cake and icecream is on its way and
Asher, you've been a good boy this year
Open up your gifts while we all cheer";-1001037004907;505435;306030998;209707941;"2019-04-29 03:15:01";0
Wow 9 layered laughter, a rarity these days;-1001037004907;506022;154722955;209707941;"2019-04-29 20:50:36";0
Unless you're trying to say rp logs are artwork;-1001037004907;506979;50352739;154722955;"2019-04-30 21:12:25";0
What if we kissed at the passive aggressive friendly dialogue with furries;-1001037004907;507063;537772902;154722955;"2019-04-30 21:25:06";0
Why try to pass your finals when you can just pass away?;-1001037004907;508288;526180058;306030998;"2019-05-02 01:06:59";0
Teen Titans’ Tamagotchi Yellow Drone;-1001037004907;509319;771529788;42432549;"2019-05-04 20:42:46";0
my hair is so fucking aroused;-1001037004907;509940;84894645;170274001;"2019-05-06 04:20:34";0
If I stroke my hair erector to a skin-orgasm, is that folliclatio, and will it send me to hell?;-1001037004907;509948;143472826;157523707;"2019-05-06 04:22:16";0
"This ain't the friendzone...


It's...


Palcatraz";-1001037004907;510025;295459757;170274001;"2019-05-06 13:58:07";0
Children are a nutrient source waiting to be tapped.;-1001037004907;511454;42432549;209707941;"2019-05-08 06:51:04";0
WAIT NO EVERYONE HAS A 3 INCH LONG DICK AND A 3 INCH DEEP VAGINA THIS IS PERFECT.;-1001037004907;511702;664741064;306030998;"2019-05-09 03:25:53";1
"“ejarb
The new term for ejaculate in 2k19.";-1001037004907;511838;42432549;157523707;"2019-05-09 23:08:05";1
but I’m dummy thicc,;-1001037004907;512123;771529788;222995514;"2019-05-10 16:08:46";0
Three eggs, each prepared via a different method from the following list: scrambled, hard boiled, over-easy, poached, sunny-side-up, over-hard, omlette;-1001037004907;512713;479647859;209707941;"2019-05-12 04:40:11";0
Goob mormon;-1001037004907;513429;222995514;157523707;"2019-05-14 14:30:51";0
Poor penis;-1001037004907;513541;209707941;170274001;"2019-05-14 20:36:58";1
Just tell your friends and then act extremely furry all of the time.;-1001037004907;514057;771529788;598605090;"2019-05-15 04:27:16";0
Currently standing still outside pretending I'm a blade of grass;-1001037004907;514793;418514848;306030998;"2019-05-16 17:47:36";0
Mine is roughly 5 inches tall;-1001037004907;515108;209707941;222995514;"2019-05-17 02:25:26";1
Also, this chat is constantly going, it's nice to have a slower chat;-1001037004907;515226;50352739;209707941;"2019-05-17 02:47:53";0
NUKE MY LETTUCE GRILL DADDY;-1001037004907;515350;598605090;482023382;"2019-05-17 03:05:10";0
Life is a party. And Im the pinata;-1001037004907;515679;526180058;222995514;"2019-05-17 14:23:20";0
plz no orang man;-1001037004907;516362;771529788;209707941;"2019-05-19 03:41:04";0
I just read that sentence and gained a dragonborn shout.;-1001037004907;516796;687253848;306030998;"2019-05-19 18:46:57";0
Number 14, Burger King foot fetish...;-1001037004907;516848;306030998;598605090;"2019-05-19 21:05:20";0
Add my qoutes;-1001037004907;516921;526180058;664741064;"2019-05-20 01:12:22";0
And someone quote me already;-1001037004907;516951;526180058;664741064;"2019-05-20 01:20:35";0
Patch no omg.;-1001037004907;516967;526180058;664741064;"2019-05-20 01:25:42";0
Can you quote me;-1001037004907;516982;306030998;664741064;"2019-05-20 01:27:51";0
the goddamn bot is gonna bring all the quotes I didnt want to be quoted on because patch didnt want to quote the quote I wanted to be quoted;-1001037004907;516991;526180058;664741064;"2019-05-20 01:28:36";0
if you could urinate and ejaculate at the same time it would be called a peanut;-1001037004907;517464;306030998;771529788;"2019-05-21 05:53:35";1
He jabs his penis a lot the most way too deep into her womb and rides her a lot the most way too hard and fast and rough and harshly like he really totally truly love es and wants her and like he really totally truly means it and like he really totally truly went all out on her;-1001037004907;517566;233740074;306030998;"2019-05-21 19:57:31";1
Wait I'm stupid;-1001037004907;517576;233740074;664741064;"2019-05-21 19:58:56";0
Receptive to dick.;-1001037004907;517583;233740074;306030998;"2019-05-21 20:00:36";1
no vore, unfortunately;-1001037004907;517702;771529788;222995514;"2019-05-21 22:51:30";0
My dad works for Nintendo. I will get you banned;-1001037004907;517956;187565292;157523707;"2019-05-22 18:53:00";0
Voregeoisie;-1001037004907;518315;157523707;170274001;"2019-05-23 16:12:31";0
I fuck the tiny titties;-1001037004907;518336;187565292;306030998;"2019-05-23 16:53:06";1
https://e621.net;-1001037004907;518442;771529788;306030998;"2019-05-23 22:26:00";1
We really out here lewding Dihydrogen Monoxide huh;-1001037004907;518516;233740074;616208386;"2019-05-24 02:07:50";0
As a libertarian, the free hand of the market jerks me off;-1001037004907;518566;306030998;209707941;"2019-05-24 03:35:01";1
git commit murder;-1001037004907;518959;170274001;616208386;"2019-05-25 13:50:47";0
I was making scrambled eggs but I went too far and scrambled my life;-1001037004907;519000;526180058;664741064;"2019-05-25 15:25:29";0
quote machine broke;-1001037004907;519009;157523707;482023382;"2019-05-25 17:04:20";0
incomprehensible have a bad day;-1001037004907;519010;306030998;771529788;"2019-05-25 17:05:36";0
*Sil disappears from the timeline*;-1001037004907;519283;331368031;209707941;"2019-05-26 22:59:52";0
"Error 404: Not found
Error vore-oh-vore: Never to be found again";-1001037004907;519431;157523707;170274001;"2019-05-27 20:07:10";0
"E;Ee;
EE;E–";-1001037004907;519614;771529788;306030998;"2019-05-28 11:19:40";0
Attention all Payday Gamers, John Wick has been downed, and he needs YOUR help to complete the mission! To do this, he needs a doctor bag and someone to pick him up. To help him, all he needs is your credit card number, the three wacky numbers on the back, and the expiration month and date. But you gotta be quick before John goes into custody, so he can achieve the epic PAYDAY.;-1001037004907;519640;616208386;306030998;"2019-05-28 16:23:46";0
Any chat’s a NSFW chat, if you’re horny enough.;-1001037004907;519792;771529788;489609075;"2019-05-29 00:06:30";1
I'm legally required to agree with you;-1001037004907;519912;753727379;154722955;"2019-05-29 13:11:09";0
Depends on the species of cum;-1001037004907;520575;143472826;306030998;"2019-05-30 21:29:51";1
The sperm is just a liquid of microscopic daggers;-1001037004907;520590;143472826;157523707;"2019-05-30 21:42:11";0
"Rub
One
Out";-1001037004907;521267;771529788;306030998;"2019-06-01 02:00:14";1
friends dont let friends gather toe jam;-1001037004907;523355;752886170;209707941;"2019-06-07 02:00:45";0
"nobody:
riley: voer???.?
vana: hmu";-1001037004907;524275;664741064;771529788;"2019-06-09 16:12:57";1
Darn soobway taking my preds;-1001037004907;524312;274315974;771529788;"2019-06-09 19:25:02";0
Gud, cause hell was boring as hell;-1001037004907;525376;209707941;154722955;"2019-06-10 01:37:51";0
Even I am a dildo, dear children, although that is called anal vore, and it is frowned upon in most societies.;-1001037004907;527834;170274001;154722955;"2019-06-13 13:53:36";1
If it were not for the laws of this land I would have sucked that knot in a heartbeat;-1001037004907;528034;96902118;306030998;"2019-06-13 20:28:38";1
DYNAMAX MY ASSHOLE DADDY! VORE ME WITH YOUR ENORMOUS MAW! MY ONLY MOVE NOW IS HARDEN;-1001037004907;528231;306030998;96902118;"2019-06-14 04:18:47";1
lets talk about gamer toes or whatever;-1001037004907;528284;96902118;598605090;"2019-06-14 04:24:05";0
god daddy throw it down on me;-1001037004907;528311;96902118;598605090;"2019-06-14 04:26:43";0
domscribe;-1001037004907;528320;96902118;306030998;"2019-06-14 04:28:09";0
The true mindful nut is the nut that saves the ecosystem;-1001037004907;528335;598605090;306030998;"2019-06-14 04:29:56";1
This pleases my peepee;-1001037004907;528338;598605090;306030998;"2019-06-14 04:30:24";1
I deserve this;-1001037004907;528438;598605090;96902118;"2019-06-14 04:46:25";0
Hahahahaha I'm Oprah and your gift is a pingggggg.;-1001037004907;530165;664741064;306030998;"2019-06-16 21:39:03";0
Me as well! I cannot await to have the sexual intercourse with so many people! /s;-1001037004907;531363;479647859;598605090;"2019-06-18 05:14:21";1
I'd love a stick;-1001037004907;531564;233740074;598605090;"2019-06-18 05:43:31";0
"Fluffy dragon's aren't dragons at all. They are sub par, not even scalies.


This is a Scalie household";-1001037004907;531678;295459757;771529788;"2019-06-18 12:14:17";0
Pineapple on pizza, musky fur on dragons;-1001037004907;531682;96902118;157523707;"2019-06-18 12:20:34";1
Nightly sacrifices to the gamer toe goblin;-1001037004907;531699;96902118;154722955;"2019-06-18 12:42:57";0
@CatEmittingDiode can we run Doom on you?;-1001037004907;533304;598605090;154722955;"2019-06-20 02:12:50";0
So, if a hydra, or any multi-brained beast were to jack itself off would it be gay, straight, incestual, selfcestual, an orgie, non-con, or just plain masturbation?;-1001037004907;534755;209707941;771529788;"2019-06-22 16:06:53";1
"Mom said it's my turn with the penis";-1001037004907;534785;222995514;209707941;"2019-06-22 16:19:15";1
I'm gonna go to hell tomorrow;-1001037004907;534938;433826691;771529788;"2019-06-23 00:24:14";0
Uncensor me daddy;-1001037004907;534992;209707941;433826691;"2019-06-23 03:17:22";0
Mirror mirror on the wall, can you torture cock and ball?;-1001037004907;535042;433826691;306030998;"2019-06-23 03:44:00";1
quotos;-1001037004907;535710;306030998;771529788;"2019-06-24 05:25:45";0
"BREAKING NEWS:
@Azrealm1​’s a cool person!";-1001037004907;536359;771529788;598605090;"2019-06-25 00:17:30";0
those paws better be preppin to rub my tiddies;-1001037004907;537211;598605090;771529788;"2019-06-26 02:17:07";1
shut, sub;-1001037004907;537868;771529788;751735389;"2019-06-26 21:08:58";0
i need to kill my husband /s;-1001037004907;538354;598605090;42432549;"2019-06-27 18:36:57";0
Salvatore Ganacci is simply Jesus.;-1001037004907;538375;664741064;771529788;"2019-06-27 20:04:15";0
fuck me;-1001037004907;538797;751735389;598605090;"2019-06-28 04:56:32";0
Practicing safe sex is *dabs* ultra radical;-1001037004907;539197;433826691;616208386;"2019-06-28 19:47:26";0
He’s not allowed in IHOPs anymore;-1001037004907;539264;164072428;170274001;"2019-06-28 22:38:57";0
🅱️🅰️🅱️💴;-1001037004907;539335;664741064;331368031;"2019-06-28 23:54:36";0
I may be a dragon that CAN'T FLY and I don't BREATHE FIRE, but I do give GOOD HUGS and I will LOVE YOU FOREVER;-1001037004907;539996;433826691;306030998;"2019-06-30 16:12:24";0
👏👏👏👏👏👏👏;-1001037004907;540411;157523707;154722955;"2019-07-01 02:51:23";0
Dergs not drugs;-1001037004907;540551;164072428;233740074;"2019-07-01 08:08:59";0
"Spanglish or anguish";-1001037004907;540633;209707941;42432549;"2019-07-01 18:08:47";0
uvu pred me lawyer daddy;-1001037004907;540758;331368031;771529788;"2019-07-01 18:54:01";1
Pregnancy is the worst STD;-1001037004907;540816;537772902;209707941;"2019-07-01 19:57:09";0
You must be 18 years or older to ride;-1001037004907;540916;143472826;306030998;"2019-07-01 22:56:58";1
gregnant;-1001037004907;541033;306030998;771529788;"2019-07-02 02:55:41";0
What’s up, gays? I’m back with a fresh supply of cellular Daddy!;-1001037004907;541183;771529788;669927747;"2019-07-02 14:43:45";0
"ΘωΘ
@Vkeane​, why would you pretend to not notice it? Address the dick directly to get the dick directly.";-1001037004907;541196;771529788;306030998;"2019-07-02 15:22:24";1
\n \n \n \n \n \n ligma;-1001037004907;541318;433826691;306030998;"2019-07-02 16:21:03";0
Anthropomorphic animals are defined by having human characteristics such as walking on two legs, talking like humans, and dressing in human clothing. Examples of anthropomorphic animals can be seen in animated movies such as Disney's Robin Hood and Zootopia. Lovers of anthropomorphic animals are typically called Furries. Furries typically create their own anthropomorphic characters and use them in online role play, or commission large mascot style costumes known as "fursuits". Spongebob SquarePants is a kids TV show in which an anthropomorphic sea sponge goes on wacky adventures with his sea creature friends. At universal studios theme parks and Nickelodeon resorts, there are several mascot style costumes of Spongebob and his friends. Therefore from this evidence we can conclude that Spongebob SquarePants is furry media. In this essay I will...;-1001037004907;541337;433826691;306030998;"2019-07-02 16:22:57";0
I was going to make a furry spinoff of that, but I'm not leveled up enough in furriness to complete the sentence I was gonna say;-1001037004907;541368;616208386;771529788;"2019-07-02 16:29:02";0
In a school like ours we need that kind of protection x3;-1001037004907;541371;75977717;42432549;"2019-07-02 16:30:26";0
F;-1001037004907;541382;75977717;598605090;"2019-07-02 16:31:39";0
I thought your face was my seat;-1001037004907;541388;598605090;306030998;"2019-07-02 16:33:16";1
No one can see you sin!;-1001037004907;541484;42432549;771529788;"2019-07-02 17:49:35";0
um ackshully she's a 43450948649 year old witch;-1001037004907;541704;306030998;771529788;"2019-07-02 20:46:03";1
If her age is on the clock, she’s ready to call the cops.;-1001037004907;541705;771529788;233740074;"2019-07-02 20:46:07";1
"yeah I'd let him go hog wild
Like full force teeth and everything
Please ma'am, I need a ticket to the train
I'm heading to uhhhhhh Pound Town";-1001037004907;542007;233740074;753727379;"2019-07-03 00:01:50";1
Fuck you;-1001037004907;542055;306030998;96902118;"2019-07-03 00:13:55";0
Look, I like sucking balls and drinking tea but not at the same time so that's why I don't care for bubble tea;-1001037004907;542151;433826691;771529788;"2019-07-03 01:23:30";1
And I got the vore shark;-1001037004907;542272;233740074;433826691;"2019-07-03 06:14:34";0
No you just aren't allowed to add quotes haha get discriminated on gamer;-1001037004907;542313;433826691;331368031;"2019-07-03 06:30:05";0
You’re not a true furry until you have a furry porn gallery up in your bedroom;-1001037004907;542785;42432549;771529788;"2019-07-04 03:14:12";1
They had a baby a while ago but while I was busy transcribing the entire OwO what's this? copypasta into a Minecraft book I lost track of the kid;-1001037004907;543494;233740074;157523707;"2019-07-06 01:07:58";0
This message is not supported on your version of Plus Messenger. Please wait until Telegram updates source code;-1001037004907;543571;50352739;433826691;"2019-07-06 15:15:51";0
Vore is just advanced hugs;-1001037004907;543823;331368031;222995514;"2019-07-06 23:27:02";0
Vore is my sexuality.;-1001037004907;544118;274315974;433826691;"2019-07-07 15:31:52";1
Gru can swing his penis fast enough to break the sound barrier and slap with the force of 11,421 pounds per square inch We all know Gru is the godly height of 14.5 feet tall and can move at a speed of 200 Meters per second. Based on average dick size, Gru’s penis is around 14 inches long. Also, Gru’s dick would weigh around 2 pounds considering the average weight of a dick is .77 lbs. If he swung his dick in a circular manner, it would have the centripetal acceleration of 72.57 meters per second. This means that gru can dickslap with the immense energy of 11,421 pounds per sq inch at a tip speed greater than 584415.58336974 MPH. In conclusion, Gru’s dickslap has enough energy to smash through 6” reinforced concrete and will cause a thunderclap as his dick breaks the sound barrier. I rest my case. Jk, I further my case by pointing out The avg speed of ejaculate is 28 mph. This means that gru can ejaculate at a speed of roughly 70 MPH when standing still. If he decides to fling his ejaculate by swinging his dick in a circular fashion, it will travel at 584415.5\*70= 40,909,085 mph. This means Gru’s ejaculate travels at a speed greater than 24 thousand times the speed of a bullet. Considering the average mass of ejaculate, 3.5 g, gru’s semen will impact the target with the energy of 1.715e9 Jouls, or roughly the amount of energy released in 667 pounds of TNT. In conclusion, if gru decided to weaponize his penis, he could easily conquer the world.;-1001037004907;544318;433826691;771529788;"2019-07-08 01:28:32";1
The fact that I can understand this brings shame to my ancestors and happiness to me;-1001037004907;544331;753727379;433826691;"2019-07-08 01:41:30";0
Morning, yes. Good, questionable;-1001037004907;544514;753727379;771529788;"2019-07-08 12:21:51";0
Stop stealing my photos and reposting them so you can get quotes, you quote whore;-1001037004907;544678;222995514;664741064;"2019-07-08 22:05:45";0
"Switch Pro = Nintendo Top
Switch = Nintendo Switch
Switch Lite = Nintendo Bottom";-1001037004907;545619;233740074;771529788;"2019-07-10 16:20:24";1
"Me: *trying to play a game but nothing is happening*
The other window I have open in the background: wadsa sd ws awsawds";-1001037004907;545653;418514848;687253848;"2019-07-10 16:42:21";0
Good morning it's the afternoon fuck;-1001037004907;545850;207892566;154722955;"2019-07-10 18:18:57";0
Kernel, I'm trying to use my controller on Steam, but you're dummy thick, and the clap of your lack of drivers keeps alerting Linus.;-1001037004907;545906;664741064;771529788;"2019-07-10 19:28:00";0
This image makes my power up mushroom soft;-1001037004907;545926;433826691;771529788;"2019-07-10 19:57:55";1
PSA Don't take anything I ever say as serious ever;-1001037004907;545944;433826691;222995514;"2019-07-10 20:07:56";0
*VORE WOULD LIKE A WORD WITH YOU*;-1001037004907;546036;433826691;771529788;"2019-07-10 21:14:19";0
Come to Ctrl-Alt-Deli with our newest dish of the semester: The Vanawolf Stampede. A husky/g-shep base swimming in buffalo sauce, blue cheese, and cheddar jack. While supplies (1) last!;-1001037004907;546089;154722955;274315974;"2019-07-10 21:27:02";0
Prey: Become soup;-1001037004907;546125;433826691;771529788;"2019-07-10 21:32:50";0
Yeah, being yourself rocks!;-1001037004907;546276;771529788;751735389;"2019-07-10 22:45:51";0
http://www.pornhub.com/;-1001037004907;546317;433826691;771529788;"2019-07-10 22:52:40";1
It's not that people get taller, it's that this sign gets smaller in the cold. Just like men's penises. In fact, this sign is made out of recycled penises, so this is why it seems to be smaller when it's cold.;-1001037004907;546384;209707941;433826691;"2019-07-10 23:15:48";1
ants in your urethra;-1001037004907;546532;209707941;771529788;"2019-07-11 00:20:07";0
"Me: *draws a penis in icing on my toaster strudels*
My mom: Ya know, I think you have penis envy. I think you want like, 37 of them. All over you.
Me:";-1001037004907;546799;295459757;598605090;"2019-07-11 11:38:24";1
After Gen Z, does it wrap around back to Gen A, or does it do an Excel and go to Gen AA?;-1001037004907;547185;753727379;771529788;"2019-07-12 12:12:43";0
This kids, is how I prolapsed my anus.;-1001037004907;548659;209707941;771529788;"2019-07-15 01:56:24";1
Anyway, night all I gotta sleep so I can wake up and scream at pidgeons at 7am;-1001037004907;548880;209707941;433826691;"2019-07-15 04:01:14";0
I'm pretty sure i have a spot in my brain that if you push it will cause me to spit out the danny phantom theme song on loop;-1001037004907;549335;669927747;598605090;"2019-07-16 01:45:11";0
"FUCK ME IN THE FACE. IN. THE. FAAAAAAAAAACE.";-1001037004907;550333;664741064;154722955;"2019-07-16 16:19:59";1
You know, I’m so deep into the Furry Fandom that I didn’t even once consider the prospect of Human Vore..;-1001037004907;550620;42432549;771529788;"2019-07-17 01:28:30";0
🍝 code;-1001037004907;550933;84894645;42432549;"2019-07-17 13:43:10";0
Vore is a joke in itself.;-1001037004907;551283;771529788;209707941;"2019-07-18 03:47:44";0
@FancyFoxx fix ur shit;-1001037004907;551340;233740074;751735389;"2019-07-18 04:44:56";0
jesus @Jan_xing_iyo you go through profile pics faster than a horse goes through foxes;-1001037004907;553081;669927747;209707941;"2019-07-20 02:04:51";0
😂😂😩👌😎🅱️👌😩😂😎🅱️🔥😎👌😎🅱️💦😩🔥😩👌🔥🅱️🔥💯🅱️🔥😂😎🔥💯🔥🅱️😎💯😂😎😂🅱️🅱️😎🅱️💯💯🔥🅱️💦😂🅱️💦💯💯🔥🅱️💯😩💯🔥💯🔥👌😩😂😩😎👌😂😎😩💦💯🅱️😂🅱️💦🅱️😩👌💯💦💯😎😂💯💯🅱️🅱️😂😩🅱️🔥😎👌💯🅱️💦;-1001037004907;553290;771529788;433826691;"2019-07-20 04:31:29";0
daddy's commies uwu;-1001037004907;553375;306030998;598605090;"2019-07-20 14:04:05";1
You can vore anything. Some things, only once;-1001037004907;553414;306030998;771529788;"2019-07-20 16:14:09";0
My friend is currently chasing us around with his underpants after having taken said underpants off in front of us.;-1001037004907;553878;664741064;771529788;"2019-07-21 03:51:12";0
Gosh I'm really hungry. I need to go vore some pizza rolls.;-1001037004907;554149;433826691;771529788;"2019-07-21 05:45:59";0
well slap my ass and call my blood illegal;-1001037004907;554528;752886170;753727379;"2019-07-21 20:12:44";0
Our Homophobia is Trans Inclusive - red cross;-1001037004907;554545;752886170;771529788;"2019-07-21 20:16:11";0
boy, ,, he too chumk;-1001037004907;555247;418514848;771529788;"2019-07-23 01:19:18";0
How do footlong salad?;-1001037004907;555827;753727379;433826691;"2019-07-23 21:04:35";0
Do you have time to talk about our Lord and savior Debian Testing;-1001037004907;556768;187565292;157523707;"2019-07-25 04:57:03";0
ᓀ˵▾˵ᓂ;-1001037004907;557220;331368031;771529788;"2019-07-25 21:48:44";0
Bank robberies are free;-1001037004907;557341;42432549;433826691;"2019-07-25 23:41:33";0
You all are no fun;-1001037004907;557347;42432549;209707941;"2019-07-25 23:42:51";0
Social engineer your way into a fursuit.;-1001037004907;557717;42432549;222995514;"2019-07-26 15:34:21";0
Welp, time to scoop out my vagina with a spoon;-1001037004907;557797;537772902;771529788;"2019-07-26 17:35:08";1
Wow. The musk was so powerful it not only killed the SWAT team, but the entire chat as well;-1001037004907;558858;306030998;433826691;"2019-07-28 16:00:27";1
You know what the say: subtle is slutle.;-1001037004907;559279;664741064;753727379;"2019-07-29 01:41:24";0
Reach with the walls of your anal canal to place pieces perfectly together and have their mass spontaneously be removed from the world... All within your rectum.;-1001037004907;559491;664741064;771529788;"2019-07-29 15:18:05";1
Ultron had no nose;-1001037004907;559655;537772902;751735389;"2019-07-29 20:33:11";0
I love urinary tract conventions;-1001037004907;559766;209707941;433826691;"2019-07-30 00:29:30";0
Its our special tool that we'll use to help us later;-1001037004907;560265;753727379;771529788;"2019-07-31 02:54:44";0
You wouldn’t want to accidentally spread Homo™️ around!;-1001037004907;561290;771529788;433826691;"2019-08-01 16:09:39";0
So like, does that mean we all can get down with the thiccness?;-1001037004907;561792;209707941;771529788;"2019-08-03 02:13:03";0
https://i.redd.it/0hiouse1s9e31.gif;-1001037004907;562066;209707941;771529788;"2019-08-04 00:25:26";0
Just put in a butt plug during childbirth, moms, jfc;-1001037004907;562108;537772902;771529788;"2019-08-04 01:23:11";1
"Fancy’s the name, dynamic sex is my game.
Sometimes intense, never the same.
Sometimes sensual~ it’s all part of the game
Sometimes top, sometimes bottom,
Pressed together, you can’t stop ‘em-
Teasing tongue, making out,
Or being held down and plowed can make me shout.
I love it >:3";-1001037004907;562654;448289659;771529788;"2019-08-04 16:01:34";1
Get in, losers! We’re going voring!;-1001037004907;563238;771529788;433826691;"2019-08-04 21:37:46";0
family video's store brand cock n ball dorture;-1001037004907;564455;752886170;306030998;"2019-08-05 20:12:06";1
it seems im alone in a crowd of piss enthusiasts;-1001037004907;564506;752886170;537772902;"2019-08-05 20:25:53";1
"Like, it's fun to suck dick, but that doesn't last for long at a time - but you know what does?

SKILLSHARE! REGISTER TODAY WITH THE CODE 'E621' FOR 50% OFF YOUR FIRST 3 MONTHS! LEARN NEW SKILLS FROM THOUSANDS OF INSTRUCTORS TODAY!";-1001037004907;565346;945133407;209707941;"2019-08-06 00:48:00";1
Zuck my burg lizardboy;-1001037004907;565441;209707941;945133407;"2019-08-06 00:57:03";0
Not unless you’re into some weird stuff. Most peripherals work fine with the class-compliant sex toy driver. Be careful with the cheap ones from Amazon tho—if it comes with a Mini-CD, it’s sketchy.;-1001037004907;566236;170274001;771529788;"2019-08-06 12:55:03";1
Can you airdrop someone an orgasm?;-1001037004907;566315;945133407;753727379;"2019-08-06 14:41:48";1
Sucking dick is just advanced crotch sniffing;-1001037004907;567120;306030998;945133407;"2019-08-06 23:02:37";1
Youtube is bullying me;-1001037004907;568321;418514848;209707941;"2019-08-07 21:39:05";0
I WILL find and lewd the dad.;-1001037004907;568471;222995514;209707941;"2019-08-07 22:40:46";1
I will drink my vodka, load my Kalishkinovivanovitch, and troll on the internet all while squatting right herem;-1001037004907;568479;209707941;753727379;"2019-08-07 22:43:42";0
If Andre the Giant was into vore would he be called Entree the Giant?;-1001037004907;568530;164072428;945133407;"2019-08-07 23:16:56";0
And by Nerf blasters, you mean "sex toys" right?;-1001037004907;569016;664741064;771529788;"2019-08-08 06:14:09";1
Just use a MacBook - you won’t need to cool your laptop because it can’t run anything intensive anyway :^);-1001037004907;569102;448289659;598605090;"2019-08-08 12:46:25";0
oh the semen trees?;-1001037004907;569487;669927747;222995514;"2019-08-08 18:31:11";0
asses to asses, musk to musk;-1001037004907;569496;306030998;945133407;"2019-08-08 18:40:01";1
hah, it's funny because it's like they're saying "no", but it's a pun on the word "nose" as it sounds similar to the word "no", thus allowing for the replacement of "no" with "nose" in the context of nose boops to create humor;-1001037004907;569900;945133407;209707941;"2019-08-08 22:57:31";0
a murriage entails that the couple is legally required to wear their state-mandated fursuits in public and in bed uwu;-1001037004907;570073;945133407;771529788;"2019-08-08 23:33:21";0
* Fancy is typing *;-1001037004907;570189;42432549;771529788;"2019-08-09 01:17:39";0
inject me with ur sql daddy uwu;-1001037004907;570618;945133407;771529788;"2019-08-09 04:17:53";0
eeeeeeeeeeeeeYes. I was made to make people fuck.;-1001037004907;571610;664741064;306030998;"2019-08-10 13:20:14";1
Yeah actually I do;-1001037004907;572103;433826691;209707941;"2019-08-10 23:34:28";0
"Doctor: *lubes hands/gloves*
Varka: "No need. I think you'll find you have no problems getting your hands in, so long as they're smaller than a 2 liter bottle."";-1001037004907;572173;664741064;433826691;"2019-08-11 00:45:50";1
If you use a Java applet in 2019 you deserve to never program ever again;-1001037004907;572225;433826691;771529788;"2019-08-11 01:27:56";0
Like a tuba being fisted by a wet fish;-1001037004907;572319;209707941;170274001;"2019-08-11 02:03:06";1
HELLO , GILBERT GOTTFRIED HERE TO TELL YOU ALL ABOUT TSUKIYO'S ASS. TSUKIYO HAS AN ASS SO LARGE IT FITS INTO TWO AREA CODES.... TSUKIYO'S ASS IS SO MASSIVE THAT IF YOU DROPPED SOMETHING DOWN HER CRACK IT WOULD FALL FOR TWO MONTHS. TSUKIYO'S  ASS IS SO LARGE... IT HAS TO BE CLASSIFIED AS A SPORTS UTILITY VEHICLE IN THE STATE OF CALIFORNIA. I JUST CANT SAY ENOUGH ABOUT TSUKIYO AND HER MASSIVE ASS.;-1001037004907;572918;598605090;433826691;"2019-08-11 15:16:33";1
"Eat egg
Grow strong
Make egg
Repeat";-1001037004907;573826;753727379;164072428;"2019-08-12 17:11:10";0
Quoting Wikipedia, "The Baader–Meinhof effect, also known as frequency illusion, is the illusion in which a word, a name, or other thing that has recently come to one's attention suddenly seems to appear with improbable frequency shortly afterwards.";-1001037004907;574330;664741064;157523707;"2019-08-12 23:25:42";0
"Melee recruitment caught on video";-1001037004907;574370;669927747;448289659;"2019-08-13 00:32:04";0
They talk about how big and droopy his balls are...;-1001037004907;574459;306030998;945133407;"2019-08-13 02:04:13";1
Those are fingers. They're called fingers on a human, Fancy.;-1001037004907;574690;664741064;598605090;"2019-08-13 15:01:23";0
Fancyfemboyfox;-1001037004907;574846;209707941;187565292;"2019-08-13 15:47:47";0
"Yar har fiddle dee dee
Being a pirate is alright to be
Do what you want 'cause a pirate is free
You are a pirate";-1001037004907;575354;306030998;433826691;"2019-08-13 18:53:16";0
Everything is better with pawpads, and with barbs. I see no inconsistency here;-1001037004907;577058;306030998;209707941;"2019-08-15 10:22:53";0
Isn't sex just giving your partner's penis a hug?;-1001037004907;578211;306030998;433826691;"2019-08-16 19:11:40";1
i too like to swallow entire states;-1001037004907;578236;945133407;771529788;"2019-08-16 19:13:39";0
Quotes are stocks and I now own 11.6% of this chat.  Bow to me you Plebs;-1001037004907;578673;209707941;771529788;"2019-08-16 22:44:48";0
FurRIT: you can check out, but you can never leave;-1001037004907;579643;306030998;154722955;"2019-08-17 19:39:58";0
Successfully added quote.;-1001037004907;579656;687253848;664741064;"2019-08-17 19:50:04";0
Ah, I see that it’s shitpost o’clock;-1001037004907;579847;170274001;157523707;"2019-08-17 22:23:04";0
"Punish me Daddy, I've been a very naughty girl" is basically the same as "Forgive me Father, for I have sinned";-1001037004907;580384;306030998;771529788;"2019-08-18 21:15:47";1
I’ve had nothing but great experiences at Salsa Rita’s during Orientation week! Get to walk in and walk out without food! 10/10 best experience;-1001037004907;580515;42432549;157523707;"2019-08-19 01:19:05";0
chicken ingot;-1001037004907;581448;945133407;157523707;"2019-08-19 23:27:44";0
Chicken ore is just mechanically separated chicken fat squished into a solid 1ft cube.;-1001037004907;581469;209707941;945133407;"2019-08-19 23:50:48";0
I need my ear dildos;-1001037004907;582598;306030998;753727379;"2019-08-21 01:45:55";1
99 RIT furries on the wall, 99 RIT furries. Take one down pass it around. 98 RIT furries on the wall...;-1001037004907;584018;187565292;157523707;"2019-08-22 03:44:57";0
"Would it be Humaffinity?

Maniffinity?

Homoaffinity?

Sapioffinity!";-1001037004907;584943;209707941;771529788;"2019-08-22 20:09:10";0
"Roses are red
Vore is my fetish
Number 15
Burgers King Foot Lettuce";-1001037004907;585032;433826691;945133407;"2019-08-22 21:32:03";1
New investment opportunities in lgbt crypto currency blockchain;-1001037004907;585050;433826691;771529788;"2019-08-22 22:00:00";0
Cocknitive ballhavioral therapy;-1001037004907;585091;306030998;771529788;"2019-08-22 22:07:15";1
"🎵The best part of waking up🎵
🎵Is horse cum in your cup!🎵";-1001037004907;586221;945133407;306030998;"2019-08-23 20:24:45";1
bark bark bark bark bark bark bark bark bark bark bark bark bark bark bark bark bark bark bark bark bark bark bark bark bark bark bark bark bark bark bark bark bark bark bark bark bark bark bark bark bark bark bark bark bark bark bark bark bark bark bark bark bark bark bark bark bark bark bark bark bark bark bark bark bark bark bark bark bark bark bark bark bark bark bark bark bark bark bark bark bark bark bark bark bark bark bark bark bark bark bark bark bark bark bark bark bark bark bark bark bark bark bark bark bark bark bark bark bark bark bark bark bark bark bark bark bark bark bark bark bark bark bark bark bark bark bark bark bark bark bark bark bark bark bark bark bark bark bark bark bark bark bark bark bark bark bark bark bark bark bark bark bark bark bark bark bark bark bark bark bark bark bark bark bark bark bark bark bark bark bark bark bark bark bark bark bark bark bark bark bark bark bark bark bark bark bark bark bark bark bark bark bark bark bark bark bark bark bark bark bark bark bark bark bark bark bark bark bark bark bark bark bark bark bark bark bark bark bark bark bark bark bark bark bark bark bark bark bark bark bark bark bark bark bark bark bark bark bark bark bark bark bark bark bark bark bark bark bark bark bark bark bark bark bark bark bark bark bark bark bark bark bark bark bark bark bark bark bark bark bark bark bark bark bark bark bark bark bark bark bark bark bark bark bark bark bark bark bark bark bark bark bark bark bark bark bark bark bark bark bark bark bark bark bark bark bark bark bark bark bark bark bark bark bark bark bark bark bark bark bark bark bark bark bark bark bark bark bark bark bark bark bark bark bark bark bark bark bark bark bark bark bark bark bark bark bark bark bark bark bark bark bark bark bark bark bark bark bark bark bark bark bark bark bark bark bark bark bark bark bark bark bark bark bark bark bark bark bark bark bark bark bark bark bark bark bark bark bark bark bark bark bark bark bark bark bark bark bark bark bark bark bark bark bark bark bark bark bark bark bark bark bark bark bark bark bark bark bark bark bark bark bark bark bark bark bark bark bark bark bark bark bark bark bark bark bark bark bark bark bark bark bark bark bark bark bark bark bark bark;-1001037004907;586281;945133407;771529788;"2019-08-23 22:08:50";0
Borg are hot don't @ me;-1001037004907;586517;537772902;170274001;"2019-08-24 01:07:07";0
This message was approved by the Ty for Princess 2020 campaign;-1001037004907;586613;331368031;187565292;"2019-08-24 03:38:53";0
I've said vore more than once you big gay;-1001037004907;587381;433826691;331368031;"2019-08-25 07:35:47";1
"PLEASE FEEL
THE BALLS";-1001037004907;587948;157523707;771529788;"2019-08-26 00:28:44";1
id let him land on my runway uwu;-1001037004907;588267;945133407;222995514;"2019-08-26 03:31:21";1
10kW of big dick energy;-1001037004907;589041;164072428;753727379;"2019-08-26 22:53:33";1
I live to destroy your cock;-1001037004907;589405;598605090;306030998;"2019-08-27 04:13:10";1
mmmmyessss,..   daddy wants those delicious FEET 👅💦💦;-1001037004907;590818;306030998;187565292;"2019-08-28 13:20:09";1
Your lettuce will be beyond charred;-1001037004907;591179;154722955;157523707;"2019-08-28 20:07:08";0
Kengar is the soul of RIT;-1001037004907;593272;209707941;154722955;"2019-08-30 20:19:01";0
H;-1001037004907;593602;295459757;154722955;"2019-08-31 01:02:13";0
Pokefur Gang Pokefur Gang Pokefur Gang;-1001037004907;593623;508775663;154722955;"2019-08-31 01:15:28";0
"🎵
“Take a Chance in me!”";-1001037004907;594272;771529788;170274001;"2019-08-31 18:54:25";0
There's no way that's the only quote that says penis;-1001037004907;594319;433826691;771529788;"2019-08-31 19:06:51";0
oki doki literature club;-1001037004907;594925;433826691;945133407;"2019-09-01 15:14:42";0
Be gay do awoo crimes;-1001037004907;595699;508775663;433826691;"2019-09-02 03:54:12";0
Same with thick femboy dragons;-1001037004907;596142;433826691;771529788;"2019-09-02 18:41:44";0
"Good morning, class! UwU
My name is Mr. Lake, but you can all call me Xoren! *Nuzzles*";-1001037004907;596556;479647859;753727379;"2019-09-03 11:07:05";0
don't have children;-1001037004907;600111;945133407;771529788;"2019-09-08 18:03:37";0
unless you're planning to do a post-birth abortion;-1001037004907;600113;945133407;771529788;"2019-09-08 18:03:47";0
All natural, whole wheat steak;-1001037004907;600167;164072428;42432549;"2019-09-08 19:01:19";0
"v
o
r
e

m";-1001037004907;600548;222995514;771529788;"2019-09-09 10:21:01";1
"We can only stand 5 feet apart and stare at each other platonically
/s";-1001037004907;600936;42432549;771529788;"2019-09-09 21:57:54";0
if you had an undertale cameo in a graphical novel, could you call it a comic sans?;-1001037004907;601376;945133407;771529788;"2019-09-10 14:18:33";0
Ah yes, the experiments from when HoGS was trying to create the ultimate HvZ player.;-1001037004907;602668;209707941;154722955;"2019-09-11 21:00:40";0
Rest in piece and leave me in your will!;-1001037004907;602901;209707941;771529788;"2019-09-12 01:53:17";0
coffee, ice cold water, energy drinks, bad dragon cum lube, soda, milkshakes, and smoothies!;-1001037004907;603461;945133407;222995514;"2019-09-12 19:47:06";0
Beans on main. I repeat.... beans.. on... main;-1001037004907;603871;598605090;771529788;"2019-09-12 23:48:50";0
There are no Paws in Ba Sing Se.;-1001037004907;603882;209707941;771529788;"2019-09-12 23:50:53";0
A sergle? Protesting vore‽ what kind of upside down world have I come to!;-1001037004907;605204;42432549;771529788;"2019-09-14 15:39:36";0
ｄｉｌｄｏ;-1001037004907;605618;664741064;771529788;"2019-09-15 01:17:18";1
"You're so cute I could just eat you up ;)";-1001037004907;605740;665686241;771529788;"2019-09-15 14:39:29";0
Did you know that you can run for dictator now?;-1001037004907;606149;157523707;42432549;"2019-09-16 03:51:12";0
You heard it boys, fucking the drugs is off the table.;-1001037004907;606815;664741064;771529788;"2019-09-17 01:24:22";0
this is america, we'll dump your stupid tea into the harbor >:(;-1001037004907;607484;945133407;771529788;"2019-09-18 11:00:09";0
May they naruto run peacefully to heaven;-1001037004907;608727;687253848;154722955;"2019-09-20 14:25:48";0
I Fortnite danced for 8 hours;-1001037004907;609605;433826691;771529788;"2019-09-22 13:57:08";0
"TOYOTATHON
Visit your local Toyota dealership today for an incredible 3% down and 0% MSRP!";-1001037004907;610504;669927747;157523707;"2019-09-23 23:39:55";0
Their screams give me life.;-1001037004907;610733;42432549;154722955;"2019-09-24 15:19:17";0
Sir this is a Wendy's;-1001037004907;611143;508775663;687253848;"2019-09-25 13:09:17";0
I have cut my shower count in half since declaring a cs minor;-1001037004907;611881;187565292;771529788;"2019-09-26 21:30:41";0
i played the dick off of it;-1001037004907;612720;598605090;771529788;"2019-09-28 17:41:09";1
i vape and smoke dick but idk if that counts as smoking;-1001037004907;612900;598605090;664741064;"2019-09-28 20:04:42";1
t̤̫̮͈͖̘̼͉̯͛̑̑̀́̋̃́̉͘͜h̯͓͓̤͍̗͚͎͚̝̍̏̀̓̈́͋̈́͘͝͠ȩ̬͎͍̦̈́̈́̑̓͋̆̾̔̕͝ ͙̰̹̫ ̨̡̥̩̯̭͔̫̯̐̈́̇̓̅͛̍̈́́͐͜c̾̂̉͛͝͝͝ ͈͕̥͖̯͓͉̥̺̍͜͠ḧ̗̘̭̦͚͎̹̜̫͚́̀̄̀̓͛́̇͊͝i̅̎̉͊̽ ̧̞̝̹̰͍̪͍̜̇̎͌̀ͅl̡̨̙̝̘̪̮̮̗̬͂͛͒̋̂̔̇͊̍̓ḑ̼̖͖̥̝̼̭̺̯͑̽̃̈́̎͛̉̃͝͠ ̛̛̒́͐͊͆ ͆̈́ ̨̘̘͕̪͕̼̟͇ì̍̅́ ̧̬̫̬̙̪̹͙̖̂̉̈́̎͝ͅs̨̰͔̥̫̥͔̰̣͍̅͒͌͒͊́̇̈́̇͝  ̛̺̲͚͕͇̘̙̩̯̥̓̐̑͊́̄̾͊i̎͋̑͂̈̇̀̑ ̢̺͔̘̻̭̜̘͘͜ͅń̢̨͈̜̜̻̭̩̣̇̏̽̅̉͜͝͝͠͠e̓̏̾̅̄͒̔ ̹̜̬̭͖̩̟̲̪̲͌͌v̠̜͔̱͈͖͉̞͉̓̇̂̑̒̇̀͗͜͝͝i̛͓̼̲͈͈̹̘̩̩̯͒͊͋͛͆̃̑̔͝t͘ ̧̢͈́͊͆͋́͒́͘ ̭̯̪̙ ̺ḁ̩̩͉̞̬͔̝̟͋͛̋̋́̒͗̐̚̕ͅb̨̰̝̥̱̬͎͕̖̰̅̆̅͊̄͊̄̃͆͝l̇̓̏ ̘̞͙̹̦͈̪̰̙͙͑́́͛͆͝è̗͐̏̋́͗̾͗̚̕ ͙̼̝͚͙͈͇͜;-1001037004907;613303;771529788;209707941;"2019-09-29 21:04:10";0
hrnggg colonel i'm trying to sneak around but my fur is dummy thicc and the clap of my luscious locks is alerting the weather;-1001037004907;614240;937723716;945133407;"2019-10-01 17:58:39";0
the sarcasm flows through me and my texts uwu;-1001037004907;614516;945133407;433826691;"2019-10-02 13:00:24";0
"I would like to make an all-encompassing statement.

'Use Windows for gaming' is true.
'Use Linux for productivity' is also true, for many people.

These OSs do not get along nicely. So when I have to make a choice, I'm going to use the one I can live in, as opposed to the one that I hate but can also play all my games on. I've tried dual booting, using VMs, anything to use both OSs on the same hardware. I find Linux-only with Wine/Proton to be the only moderately acceptable solution.

Come at me all you want, but I have found a solution that fits my needs as best as currently possible.";-1001037004907;616102;664741064;945133407;"2019-10-04 17:47:28";0
I have to stream my VR furry porn, or else my mom will find it saved to my computer. Get on it, Google.;-1001037004907;618420;143472826;687253848;"2019-10-09 18:55:01";1
,btehcvkerj,vb;-1001037004907;618431;233740074;154722955;"2019-10-09 18:59:30";0
bruh why is it when a sub gets flustered they just type a random youtube url;-1001037004907;618880;945133407;771529788;"2019-10-10 20:51:16";0
"Coffee apply directly to the forehead

Coffee apply directly to the forehead

Coffee apply directly to the forehead";-1001037004907;619145;209707941;771529788;"2019-10-11 12:50:01";0
"Life pro tip:

Do not use peppermint soap in sensitive areas unless you wanna feel like Elsa herself is touching your sensitive bits. Dear lord that is unpleasant .-.";-1001037004907;619734;945133407;771529788;"2019-10-13 17:45:17";0
A 100% true fact, the bronze tiger on the infamous quarter mile, has a real set of low hangers. It is said that if you rub them, you will recieve the highest honor a RIT student can achieve, having touched genitals besides their own.;-1001037004907;621566;331368031;157523707;"2019-10-17 01:25:38";0
Valid ass bougie ass bread;-1001037004907;621751;537772902;687253848;"2019-10-17 05:51:19";0
hrrnnnng president putin I'm trying to kick the soccer ball but my beans are dummy thicc and the clap of my toes keeps alerting the goalies;-1001037004907;623044;945133407;771529788;"2019-10-19 16:06:01";0
I can't believe Dan is fucking dead;-1001037004907;623257;306030998;771529788;"2019-10-20 03:13:16";0
∃x vegan(x) ∧ intoHardVore(x);-1001037004907;624108;664741064;771529788;"2019-10-22 00:26:31";0
"god I love swallowing wood";-1001037004907;624342;945133407;479647859;"2019-10-22 11:39:58";1
"ah, I think its because I watch what most people call rick and morty

as an rit student with an IQ of 2 billion, I personally refer to it as "Brick and Mortar"";-1001037004907;624477;945133407;433826691;"2019-10-22 14:37:17";0
this must be remembered and you're ruining my plans;-1001037004907;626713;945133407;771529788;"2019-10-26 23:22:49";0
"Rule #1: You cannot cry until you've taken the first derivative.
- friend's Calc teacher";-1001037004907;626968;753727379;616208386;"2019-10-27 23:00:48";0
I know about patch, but not so much velcro.;-1001037004907;627466;664741064;771529788;"2019-10-29 01:11:07";0
"hrrnnnng CPU I'm trying to cool this system but my fans are dummy thicc and the whir of my blades is draining the battery";-1001037004907;628525;945133407;433826691;"2019-10-31 00:05:56";0
H I J K L M N O END ME;-1001037004907;629199;661250034;771529788;"2019-10-31 22:30:03";0
My pronouns are y'all/are;-1001037004907;629928;306030998;771529788;"2019-11-03 02:48:50";0
like a cat cafe but for alcoholics;-1001037004907;631203;669927747;945133407;"2019-11-06 01:42:43";0
This message makes it sound like he went into your settings and toggled the vore fetish;-1001037004907;633252;306030998;164072428;"2019-11-11 02:26:32";1
Lmaooo, I joined and some Christian guy who was in it has been trying to reconvert me back to Catholicism in PMs;-1001037004907;633531;50352739;433826691;"2019-11-11 16:44:09";0
"So let's talk high amplitude sucking, but first we need to understand contingent sucking rates" -My Professor;-1001037004907;634127;157523707;945133407;"2019-11-12 14:51:25";0
"It's a pillow
It's a pet

It's a Pallas cat";-1001037004907;634189;815144518;687253848;"2019-11-12 16:09:22";0
When I was in High School my friend said he'd give me $100 to eat silica gel, so I opened the package and poured it into my mouth like nerds, and everyone was like "You're gonna die", but I was like "idc I got my $100" but I didn't die, in fact nothing happened, except sometimes brain cell number #24 plays the hamster dance song on loop for a few hours and he didn't do that before;-1001037004907;635064;433826691;771529788;"2019-11-14 18:34:17";0
oh hot dike this is my preserve;-1001037004907;635100;164072428;42432549;"2019-11-14 20:17:11";0
Oh hot hydroelectric power plant this is my marmalade;-1001037004907;635101;157523707;164072428;"2019-11-14 20:19:02";0
foxes are just spicy dogs;-1001037004907;635758;945133407;42432549;"2019-11-16 16:10:36";0
I thought dogs were an open-source fork of wolves though...;-1001037004907;635771;753727379;771529788;"2019-11-16 16:33:08";0
SATURNDAY BRUNCH IS CANCELED;-1001037004907;635810;42432549;157523707;"2019-11-16 17:31:51";0
beep - and I cannot stress this enough - boop;-1001037004907;635861;306030998;433826691;"2019-11-16 17:47:21";0
also consider: crucifixion bondage;-1001037004907;636170;945133407;537772902;"2019-11-17 06:22:39";1
Also we need a real fundraiser for No Nut November. Once we figure out portals, we can ship people portals that lock into the body that teleports your genitalia to the NNN warehouse for proof of no nuttage. Then we could sponsor real NNN stuff just like No Shave.;-1001037004907;636332;664741064;771529788;"2019-11-18 00:13:35";1
Patch… is an experience all in it of himself.;-1001037004907;636376;42432549;771529788;"2019-11-18 00:43:01";0
"I need to legosi your penis";-1001037004907;636961;753727379;771529788;"2019-11-19 17:19:28";1
Just cause you nut over spreadsheets doesn't mean everyone does;-1001037004907;637167;753727379;771529788;"2019-11-20 06:27:46";0
I'm not FUCKING LEAVING;-1001037004907;637872;295459757;157523707;"2019-11-22 17:13:11";0
Im gonna start consuming people;-1001037004907;637944;687253848;306030998;"2019-11-22 20:22:22";0
Imma put one (1) vodka soaked tampon up my vagina, and one (1) vodka soaked tampon up my ass;-1001037004907;638062;537772902;157523707;"2019-11-22 23:08:45";0
"FancyFoxx?" More like "BANcyFoxx.";-1001037004907;638263;664741064;306030998;"2019-11-23 19:00:25";0
"boyfriend crossing stalker edition

animal boyfriend stalker edition

animal crossing boyfriend edition

animal crossing stalker boyfriend";-1001037004907;638707;945133407;771529788;"2019-11-24 23:16:38";0
mmm fungus;-1001037004907;638758;945133407;687253848;"2019-11-25 00:47:52";0
mmmm mcdolnand;-1001037004907;639095;945133407;771529788;"2019-11-25 23:29:25";0
"bro you just posted cringe

you will lose college credit score";-1001037004907;639182;357879910;157523707;"2019-11-26 00:49:14";0
My diet does not include this genre of noms.;-1001037004907;639476;42432549;771529788;"2019-11-26 14:25:56";0
Okay, GUI;-1001037004907;639601;42432549;753727379;"2019-11-26 15:44:07";0
This semester has taken decades off my life;-1001037004907;640232;187565292;154722955;"2019-11-27 06:19:33";0
Actually I'm more of a Nintendo Switch Lite since I'm a twink;-1001037004907;640898;306030998;771529788;"2019-11-28 18:01:01";0
God is alive and he is LegoGriffin.;-1001037004907;641317;664741064;687253848;"2019-11-29 18:10:17";0
Brian Mr. Lake Lake -- Lake (Brian of Varying Lakeness);-1001037004907;641439;306030998;771529788;"2019-11-29 23:03:16";0
It would be very concerning if you found a non-whole naked woman;-1001037004907;642539;306030998;771529788;"2019-12-02 19:38:14";0
Mike's hard bubble tea;-1001037004907;644103;537772902;687253848;"2019-12-08 01:04:45";0
Mort is 100% the source of a lot of furries' foot fetishes;-1001037004907;644380;945133407;771529788;"2019-12-09 00:08:05";1
Cars only exist to be fucked by dragons.;-1001037004907;644816;42432549;753727379;"2019-12-10 03:08:17";1
Who be drawing that hot, nasty Ritchie yiff?;-1001037004907;645641;143472826;222995514;"2019-12-12 23:31:51";1
🍅🍅🍅🍅🍅;-1001037004907;646025;157523707;154722955;"2019-12-14 15:51:26";0
"@BaileyLyss I love portmanteaus, so...

BaiLyss.";-1001037004907;646114;664741064;306030998;"2019-12-14 23:06:58";0
~" You're a thicc one..... Mr. Grinch... You really... Make... me Haaaaard.... You're as sultry as a harlot.. You're as Horny as a steer.... MR. GRIIIIIIINCH!"~;-1001037004907;646816;598605090;945133407;"2019-12-17 20:57:51";1
The day my butt needs regulation is the day democracy really dies;-1001037004907;647251;143472826;945133407;"2019-12-18 23:19:20";0
I forgot literally all of my quotes are about vore;-1001037004907;647443;433826691;753727379;"2019-12-19 04:57:59";0
"MOOOOOOOOOOM, PHINEAS AND FERB ARE POSTING KINKY SHIT IN MAIN AGAIN!";-1001037004907;647650;753727379;306030998;"2019-12-19 17:03:05";1
READY OR KNOT HERE I CUM;-1001037004907;647890;526180058;771529788;"2019-12-20 01:10:31";1
Bot is the captain, now.;-1001037004907;648556;42432549;771529788;"2019-12-21 05:51:17";0
We practice soft vore in this household;-1001037004907;649461;306030998;771529788;"2019-12-23 22:51:07";0
"I love
Cracking open a cold penis with the boys";-1001037004907;649542;306030998;771529788;"2019-12-24 00:47:11";1
"I just had the worst thought ever:

Cumcrete. Like concrete but made with cum instead of water.";-1001037004907;649606;945133407;771529788;"2019-12-24 03:03:49";1
Yeah lemme just Kyle a hole in my wall and pull out a handful of rat;-1001037004907;649836;306030998;669927747;"2019-12-24 19:59:14";0
oh god black got into the catnip again, someone get the broom;-1001037004907;650354;945133407;771529788;"2019-12-26 04:01:33";0
What if furries searched for the fountain of cum instead of the fountain of youth and it's just a dog cock from which neverending cum springs forth and it doesn't grant eternal life furries just want to sit on it;-1001037004907;650437;306030998;433826691;"2019-12-26 18:07:53";1
You cannot quote commands.;-1001037004907;650447;771529788;433826691;"2019-12-26 18:08:51";0
Pro tip: do not fuck your relatives;-1001037004907;650610;222995514;771529788;"2019-12-26 22:48:11";0
Oh I was thinking the opposite direction: "fingernails with bats on the ends.";-1001037004907;651281;664741064;753727379;"2019-12-28 21:51:05";0
"your 2019 be like: being thirsty
your 2020 should be like: being thirsty";-1001037004907;651937;306030998;771529788;"2019-12-30 17:10:27";1
No, I’m saying that the x axis is dumb. A lack of underwear is something that I can really get behind!;-1001037004907;653180;771529788;945133407;"2020-01-03 04:23:30";0
"Political thing: *happens*
Black: "WW3"";-1001037004907;653278;664741064;306030998;"2020-01-03 14:47:07";0
Massach-uwu-setts;-1001037004907;654059;143472826;771529788;"2020-01-06 23:12:38";0
Vore? More likely than you think!;-1001037004907;654094;179398809;771529788;"2020-01-06 23:24:33";0
This except he whips out his dick and cums all over the plate;-1001037004907;654142;306030998;771529788;"2020-01-07 01:13:18";1
No I'm Black;-1001037004907;654296;306030998;771529788;"2020-01-07 19:02:02";0
"In support of RIT's commitment to the ██ironmen█,";-1001037004907;655108;664741064;687253848;"2020-01-10 16:04:31";0
You like taking dildos up your ass why not in your ears;-1001037004907;655332;306030998;945133407;"2020-01-11 05:45:34";1
"Fun fact:

Male genitalia apparently have taste buds.";-1001037004907;656691;945133407;222995514;"2020-01-14 23:56:19";0
Saying hello has never been more delicious!;-1001037004907;658881;331368031;616208386;"2020-01-19 16:13:33";0
ass adults;-1001037004907;659396;42432549;771529788;"2020-01-20 16:52:32";0
I'm a crotchety old man, emphasis on crotch;-1001037004907;659575;306030998;433826691;"2020-01-20 21:45:13";0
You fell for it fool!;-1001037004907;659584;306030998;433826691;"2020-01-20 21:45:50";0
Their nachos are good too but you gotta eat them with chopsticks for the full experience;-1001037004907;659714;306030998;753727379;"2020-01-20 23:40:33";0
WIP AND TEAW ME, DADDY! (´･ω･`);-1001037004907;660352;945133407;771529788;"2020-01-22 03:58:56";0
"Oh my gawd. Pwease wip me into widdle pieces daddy. I wanna see my bòwónes!!
I wanna pway fetch with my spween <3";-1001037004907;660357;233740074;771529788;"2020-01-22 04:53:57";1
Listen, I have a monkey brain. I see big boobs and I think it's a good idea.;-1001037004907;660641;295459757;771529788;"2020-01-22 22:39:11";1
"σ
========
σ";-1001037004907;661430;170274001;157523707;"2020-01-24 02:44:28";1
expunge my cognitohazards, daddy RAISA uwu;-1001037004907;661434;945133407;753727379;"2020-01-24 02:44:56";0
In fact, let’s add some variety! I’m taking knots, horse, moar than just your average hooman.;-1001037004907;661555;42432549;771529788;"2020-01-24 14:52:45";1
I smell Jesus;-1001037004907;661685;751735389;42432549;"2020-01-24 17:39:23";0
